id,text,author,likes,timestamp,is_reply,parent_id
UgwcVO8cOipkhpGHZGN4AaABAg,Ireland loves you mr smile 2 jannah :),@Freezeeny,544,1745884800,False,
UgwhWMkZfRbFQq_vdJx4AaABAg,"Heâ€™s a legend on the pitch, a legend on the BBC, and above all, a legend as a human being. Thank you Gary",@riupalace6983,355,1745884800,False,
Ugx_ZGK0yNr6Qi9LbDp4AaABAg,Gary gets it,@CineRanter,218,1745884800,False,
Ugx2sE3rbw35tujfTbB4AaABAg,What has the world come to. A white man speaking for the non whites and a brown man speaking for them! One is motivated by compassion for humankind and the other is motivated by money?,@nbktube1171,155,1745884800,False,
UgxjFCRw1-4yC96s44B4AaABAg,"ğŸ‡µğŸ‡¸ğŸ‡µğŸ‡¸ğŸ‡µğŸ‡¸ğŸ‡µğŸ‡¸ğŸ‡µğŸ‡¸ğŸ‡µğŸ‡¸ğŸ‡µğŸ‡¸ğŸ‡µğŸ‡¸ğŸ‡µğŸ‡¸ğŸ‡µğŸ‡¸ğŸ‡µğŸ‡¸ğŸ‡µğŸ‡¸
Free Palestine, free Syria, free Lebanon, free Yemen, free Sudan, free Kongo!!!!!!
Protecting opressed people is our mandatory dear Muslims!!!!",@Moonlight-777,146,1745884800,False,
UgwyoXe6Ztjs1cMc-7x4AaABAg,Respect for GaryğŸ‡µğŸ‡¸âœŒï¸,@monimojumdar6228,133,1745884800,False,
UgwVuJqz_hKy7NWuaM54AaABAg,Don't pay TV licence. Boycott BBC,@yp5093,90,1745884800,False,
UgwjTEOMiYaGdJnCOwl4AaABAg,Iâ€™m pleased to see Gary stating facts.  Good job ğŸ™‚,@sabiahamid6224,89,1745884800,False,
UgyvfZWULemEYFtTTSl4AaABAg,Offended by everything ashamed of nothing ğŸ’€ They all are hypocrites,@SamadPathan_2.0,81,1745884800,False,
UgyKUrar-tdy9XPyITB4AaABAg,Salute to Gary ğŸ«¡,@nabeelhussain2464,68,1745884800,False,
UgwcVO8cOipkhpGHZGN4AaABAg.AHGSrn-lI-wAHGV0n7edVe,Big up Ireland ğŸ‡®ğŸ‡ª,@Sad1que,57,1745884800,True,UgwcVO8cOipkhpGHZGN4AaABAg
UgyXKf_RDWtOEqIzUxl4AaABAg,"An Indian probably a bjp supporting Hindu would be very happy deep down at what is happening to Palestine.

Just look at their history in Kashmir.",@GorillazINmist,57,1745884800,False,
UgwsufA_QA_xH98mE8h4AaABAg,I used to think Gary was the type of guy who says things that will just please people. I was wrong. Nice that he sees things as they are and says things as they are.,@roosworld4910,54,1745884800,False,
UgwcVO8cOipkhpGHZGN4AaABAg.AHGSrn-lI-wAHGb2zSIj9s,"Muslims all over the world love you, Ireland.
Thank you so much for standing up for us.
ğŸ‡®ğŸ‡ªğŸ«‚ğŸ‡µğŸ‡¸",@Whysoseriousbatsy,54,1745884800,True,UgwcVO8cOipkhpGHZGN4AaABAg
Ugw466OIQqGQqSw2hvN4AaABAg,"Lineker scored one of the most wonderful  goal in his life, to be honest and trustful.",@JohnHammer-80,54,1745884800,False,
UgyUCz1VU0CBKtdJs0B4AaABAg,Gary linkers a legend,@ihsanulhaq8851,53,1745884800,False,
UgwK523kaCtCQGST6J14AaABAg,Free palestine ğŸ‡µğŸ‡¸ğŸ‡µğŸ‡¸ğŸ‡µğŸ‡¸,@KamranAhmed-xs4cz,48,1745884800,False,
UgxcM88WqlKXiY1k0Md4AaABAg,Donâ€™t pay tv licence,@shaminjahir748,46,1745884800,False,
UgwWION80mD5zTcwNMN4AaABAg,Huge respect to Gary! If you really want to know what's not going on in the World watch the BBC. ğŸ™„,@anthonybaiocchi3028,45,1745884800,False,
UgxTOL84Q8KhOm_ngol4AaABAg,lineker showing that a real striker's courage doesn't end!,@shlomogrundy,42,1745884800,False,
UgxTKYaaWr1snThUMYF4AaABAg,"Ain't no way. Of all people I didn't expect Gary to speak up 
Big up",@ABZINHO7,42,1745884800,False,
Ugz6brVpai_k3h2XGW94AaABAg,BBC has been Real quite since this dropped ğŸ’€ğŸ˜‚,@YSBEYOND,40,1745884800,False,
UgzgvdKIJDE7CCXFUeh4AaABAg,I stopped paying my tv licence fee 25 years ago instead paying the equivalent to charity every year. British Broadcasting Corruption does not deserve my money!,@samdamanyrt,36,1745884800,False,
Ugx5ofho9-4ODp0L_R14AaABAg,"By helping them pray, you gain lasting reward: https://www.launchgood.com/v4/campaign/muslim_mum_helping_teach_50000_muslims_to_pray",@smiletojannah,28,1745884800,False,
Ugx8mSvZJg3oy_v1YV94AaABAg,Fair play Gary that was in no way off side clearly a excellent goal ğŸ‘,@Why-v7p,26,1745884800,False,
UgzzMmULDQET3xbz83V4AaABAg,"Respect Gary hate the BBC everyone should stop paying TV license in the uk 
Paying for fake news",@sel2179,24,1745884800,False,
UgzUbOd3LJWZNOVzlAt4AaABAg,Always loved Gary as a tv personality but seems he is a real one for sure!,@TheSeeker-B,23,1745884800,False,
UgwcVO8cOipkhpGHZGN4AaABAg.AHGSrn-lI-wAHGsdH8W3wi,Ireland the land of the brave salute ğŸ¤²ğŸ¾,@fantomman3881,23,1745884800,True,UgwcVO8cOipkhpGHZGN4AaABAg
UgxfEouOawHUP-BNiSh4AaABAg,"Impartial... He said. ğŸ˜‚ğŸ˜‚ğŸ˜‚ Riiight, y'all be impartial yet when talking about what happened in Palestine, y'all walking on eggshells ğŸ¤£ğŸ¤£ğŸ¤£ don't say anything if you ain't standing by it which clearly you haven't",@Bruddatab,23,1745884800,False,
UgxRZRo_CzkXKmxYCDh4AaABAg,UK is occupied since 2nd November 1917....so British broadcasting corporation also has to tow the line...after all it can't criticise the masters,@khaledsaifullah4453,22,1745884800,False,
Ugx4aruT-QUIq1kIq-t4AaABAg,Ive always liked Gary. Thank you Gary for standing for the truth again,@geennaam4576,20,1745884800,False,
UgwlFNnf29Me-iKIuUh4AaABAg,Why do Indians and people of Indian decent love and defend Israel so much,@SoSomali,16,1745884800,False,
Ugw6yvud1NNhbeVTsN14AaABAg,Free Palestine ğŸ‡µğŸ‡¸,@adnanmir2873,16,1745884800,False,
Ugx2sE3rbw35tujfTbB4AaABAg.AHGn01hFdTyAHIVXC_yur0,Hindus,@baguettebeefs2846,15,1745884800,True,Ugx2sE3rbw35tujfTbB4AaABAg
UgzdXhJn1mIocwxSFAt4AaABAg,Shame on all so-called Muslims for not fighting for Palestinians,@Bb-pw1zi,15,1745884800,False,
UgwyLYpxwKH22tcvYPV4AaABAg,"Amol Rajan. I wonder why he defends BBC ""impartiality"".",@MundaneBrain,15,1745884800,False,
UgwuRdvfkH8zaUqYYyh4AaABAg,I cancelled my TV subscription fees,@abdusaziz1266,14,1745884800,False,
Ugy3d1Be4VtKG9XsdhB4AaABAg,"Ireland stand's with Palestine ğŸ§¸ 
Always ğŸ€ğŸ‰ğŸ•Šï¸",@geovanniali6060,13,1745884800,False,
UgwcVO8cOipkhpGHZGN4AaABAg.AHGSrn-lI-wAHHDCFO2YHD,"And Muslims love the Irish, just like sultan Abdul Hamid the second.",@_Z.K_,13,1745884800,True,UgwcVO8cOipkhpGHZGN4AaABAg
UgxmXKZkT3WP4WBPWcd4AaABAg,"I still remember Gary Lineker's spectacular performance in the 1990  World Cup. He was one the best players of the competition held that summer in Italy and indeed England's best number 10 ever since. Now, I have much more respect for him owing to his principled brave stance over the genocide taking place in Gaza.. May Allah Guide him to Islam. Ameen",@abdelhakimhouari6451,12,1745884800,False,
UgwJCEVPKWWF_WPggbN4AaABAg,I remember watching this full interview yesterday on the BBC Channel on TV and Subhanallah I canâ€™t believe I literally watched the whole interview especially when Gary Lineker mentioned Palestine which by the way Iâ€™m very impressed how Gary Lineker gave a perfect answer and perfect example when he was talking about our brothers and sisters in Palestine alhamdulilah ğŸ‡µğŸ‡¸.,@ismail_ali4146,12,1745884800,False,
UgxcyOOU4jqxUS76Lr54AaABAg,"@garylinekar has always showed you look at the facts and call a spade a spade thatâ€™s all heâ€™s doing
ğŸ¤²ğŸ½ğŸ‡µğŸ‡¸ğŸ‰",@mohammadhasham6692,11,1745884800,False,
UgwEKrwgNNMu_er-SJl4AaABAg,Love U Gary.,@waqasmir76,11,1745884800,False,
UgyXKf_RDWtOEqIzUxl4AaABAg.AHGTKo-PRDnAHGfKcNruRL,"Yes very true, lets pray the oppressive government in India falls and that Muslims and Sikhs get treated better in their own country and that the caste system gets abolished.",@opax,11,1745884800,True,UgyXKf_RDWtOEqIzUxl4AaABAg
UgwhWMkZfRbFQq_vdJx4AaABAg.AHGcml2K4bVAHGrIvMESrb,"@AbdulMiah-m8v  At the very least, give credit where itâ€™s due he spoke the truth at a time when most remain silent on the Palestinian cause.",@riupalace6983,11,1745884800,True,UgwhWMkZfRbFQq_vdJx4AaABAg
Ugw_plVx-gjxyNdCcTp4AaABAg,"Gary a very good footballer, greater man ,and I hate football ğŸ˜‚, Palestine ğŸ‡µğŸ‡¸ will be free",@mclarenformula5042,10,1745884800,False,
UgwbBa6ZF_gMshBWBmF4AaABAg,Gary is a truly top man. The Indian guy is an israelli spokesperson despite his saying otherwise.,@riffatmazad,9,1745884800,False,
UgwYBoyEL3Tud68Z4Zh4AaABAg,Hated Gary for his biased comments against Qatar. But now he has won my respect back again. Thank you Gary. Free Palestine ğŸ‡µğŸ‡¸,@speedy210276,9,1745884800,False,
Ugwyc97hQTm4fbw9uW14AaABAg,They made Gary seem like he was evil recently. I'm glad this legend we all Brits love and admire is able to be on the right side of history. I was shocked what bbc said about him.,@tanvirhussain6106,9,1745884800,False,
Ugx7A5esofkOT3a6t9J4AaABAg,"Human rights for me, but not for thee.",@koooooooo71,8,1745884800,False,
UgzWM40mNsFbWTifmL94AaABAg.AHGRDCEvc7IAHGUdshauvR,"Free christianity


















From trinity.",@popkb,8,1745884800,True,UgzWM40mNsFbWTifmL94AaABAg
UgwOBr3AN_eA4rt9GkN4AaABAg,Respect âœŒï¸ğŸ‡µğŸ‡¸ğŸ‡ªğŸ‡¹,@Generation21.,8,1745884800,False,
UgwhWMkZfRbFQq_vdJx4AaABAg.AHGcml2K4bVAHGeIbIZYrR,Met him and his wife once. The look on his face when mate asked him to sign his helmet lol. Then presented him his builders hard hat,@MiniMozo-o5x,7,1745884800,True,UgwhWMkZfRbFQq_vdJx4AaABAg
UgwhWMkZfRbFQq_vdJx4AaABAg.AHGcml2K4bVAHH1Spk-GLa,â€‹@AbdulMiah-m8vOf course racism of any kind should be called out but at the same time I think it is quite clear he genuinely cares about human suffering. Palestine needs more people like Gary to speak up,@michaelohara49,7,1745884800,True,UgwhWMkZfRbFQq_vdJx4AaABAg
UgyMdw1vAooxPnx8UU14AaABAg,"Akhi U should host s2news as  broadcaster, we would get our kids to start watching NEWS again, at least it will be checked and correct",@AH-wk2my,7,1745884800,False,
Ugydvim3p_DP1GTNCjJ4AaABAg,Linekar is a legend ğŸ’•,@connormcleod9595,7,1745884800,False,
UgwcVO8cOipkhpGHZGN4AaABAg.AHGSrn-lI-wAHHE16lriku,Thank you Ireland .love you,@Kiran-n1e9k,7,1745884800,True,UgwcVO8cOipkhpGHZGN4AaABAg
Ugx2YewWTk6hr-LNlCx4AaABAg,Free Palestine  ğŸ‡µğŸ‡¸ğŸ¤²ğŸ»,@Ø±ÙŠÙ‡Ø§Ù…-Ù‡6Øª,6,1745884800,False,
UgzWM40mNsFbWTifmL94AaABAg.AHGRDCEvc7IAHGdS_vZNsb,"""ex-muslim"" LOL is this some kind of cult? are you guys too ashamed to call yourselves Christians, Athiests or etc?? does this cult get paid weekly or monthly??",@23shan,6,1745884800,True,UgzWM40mNsFbWTifmL94AaABAg
UgwlFNnf29Me-iKIuUh4AaABAg.AHGnXz_R72rAHH1SJJr597,Same hate for!!Muslims,@omkhair4267,6,1745884800,True,UgwlFNnf29Me-iKIuUh4AaABAg
UgwlFNnf29Me-iKIuUh4AaABAg.AHGnXz_R72rAHH2JR2yQsc,When worshipping 330 millions gods don't give you a sense of humanity & basic morality.,@MyStuffTales,6,1745884800,True,UgwlFNnf29Me-iKIuUh4AaABAg
UgyBCteVwCorqsoXNtB4AaABAg,3:10 picture of brown man trying to be liked by the white man,@ft7397,6,1745884800,False,
UgxTKYaaWr1snThUMYF4AaABAg.AHGVWMp8q3vAHGcISIZG_G,heâ€™s always spoke up about Palestine,@d1.17z,6,1745884800,True,UgxTKYaaWr1snThUMYF4AaABAg
UgyNdapJLixiSNEBcSJ4AaABAg,"Gary the great footballer, a great human being",@syedmohammedali6377,6,1745884800,False,
UgwVuJqz_hKy7NWuaM54AaABAg.AHH60uOMMxlAHLq6WPxvJR,None of us do anyway ğŸ˜‚ğŸ˜‚ğŸ˜‚,@OwaisSheikh-rs4hm,5,1745884800,True,UgwVuJqz_hKy7NWuaM54AaABAg
Ugxc7T9pb8qOWTW0d-t4AaABAg,Brother is that gucci cap? It's in BDS list.,@Moonlight-777,5,1745884800,False,
UgxLyATuWtIlIn39iGV4AaABAg,"No views, one minute ago...
I swear to God this came in perfect timing.",@R007CarrotVUX,5,1745884800,False,
UgwzCg4zPovvHBcnp114AaABAg,"Bbc is impartial? ğŸ˜‚ğŸ˜‚ğŸ˜‚
Since when? ğŸ¤£ğŸ¤£ğŸ¤£ğŸ¤¡",@fandimm180,5,1745884800,False,
UgzeLn4xnmP6u_mTLo54AaABAg,"Respect to you my dear brother, and respect to Gary & respect to anyone who has the guts to stand up for the truth!!! Mahsha Allah mahsha Allah mahsha Allah",@paulaabdul3698,5,1745884800,False,
UgwY7AUC7l6T0Nmjfk14AaABAg,Gary Lineker is on fire. Mad respectâ¤,@neromorningstar4794,5,1745884800,False,
UgxAGLm_kNBDbuRsoXR4AaABAg,Gary lineker the legend,@mamadoubojang0210,4,1745884800,False,
UgxVxSGReHDWHVUe5Pt4AaABAg,W Gary ğŸ”¥,@PhobeTracker,4,1745884800,False,
Ugw3L-21gyUs3nHG2QV4AaABAg,"Thank You, Gary Linekerâ¤.  Cape Town",@fatoomgierdien110,4,1745884800,False,
Ugx28691_GWaOICaDtZ4AaABAg,He scored the golden goal,@nafizhaq4554,4,1745884800,False,
UgwT-aFXmJh5P0j0tPt4AaABAg,"I hope Rajan realises how his level of respect has dropped in the UK. 
Conversely, Linker's level of respect has skyrocketed",@waleednasir4279,4,1745884800,False,
UgyXKf_RDWtOEqIzUxl4AaABAg.AHGTKo-PRDnAHGgzMatEvP,"Â @opaxÂ   Bureau-Aristocratic rule must end in India (Also not all hindus are Izzy loving saffronists.)

Same for Junta rule in Pakistan and that one group LaksharTaiba (No im Muslim too but they aint good guys)",@user-us7el6ss2l,4,1745884800,True,UgyXKf_RDWtOEqIzUxl4AaABAg
UgwUOkojqhMxEIw1vbB4AaABAg,Gary's alright.,@sifrsifr2202,4,1745884800,False,
UgwhWMkZfRbFQq_vdJx4AaABAg.AHGcml2K4bVAHGqhromUPO,"He's not, when Messi celebrated the WC with a bisht he started saying ""oh why he's making him wear that thing"" was critical of Qatar too. 

A broken clock is right twice a day",@thmhd,4,1745884800,True,UgwhWMkZfRbFQq_vdJx4AaABAg
UgwvlHDp5Y0hugovhQR4AaABAg,"Look at Amol Rajan's face turn red while being such a shameless advocate for genocide ğŸ˜‚

We already knew about him though.",@MundaneBrain,4,1745884800,False,
UgwhWMkZfRbFQq_vdJx4AaABAg.AHGcml2K4bVAHGq0a8x0DG,I swear he was racist to muslims a while ago,@AbdulMiah-m8v,4,1745884800,True,UgwhWMkZfRbFQq_vdJx4AaABAg
UgzEFgGixORf4sZbGyd4AaABAg.AHGWi7BouGXAHGhpSBCjLL,Indian Government has a history of carrying out  false flags.Then blaming Muslim always happens when there is a visiting dignatry to get maximum coverage.,@ashaqhussain6902,4,1745884800,True,UgzEFgGixORf4sZbGyd4AaABAg
UgyvaomtjVVcYYCzuPd4AaABAg,"Well done Gary ğŸ‘,",@MohammedZahid-f5f,3,1745884800,False,
Ugz32eSly7w8mvybWT14AaABAg,Words innocent and isnotreali are like oil and water. They don't mix,@dragonarch0,3,1745884800,False,
UgyDMpU2L0TPH4sS0PJ4AaABAg,FREE FREE PALESTINE ğŸ‡µğŸ‡¸ WELL DONE GARY! RESPECT TO THE MAN FOR BEING HUMAN! AND FREE PALESTINE AGAIN ğŸ‡µğŸ‡¸,@chrispan4686,3,1745884800,False,
UgwcVO8cOipkhpGHZGN4AaABAg.AHGSrn-lI-wAHHVA4mWtj7,ğŸ‘ğŸ¼,@IslamSharkawyy,3,1745884800,True,UgwcVO8cOipkhpGHZGN4AaABAg
UgyAz2tZz09N6iZorz94AaABAg,"Great work Zeeshan, appreciate your research and your work. If you ever get a chance could you please about the fathers plight and rights in the UK. Thanks",@disqualified_dads,3,1745884800,False,
UgwcVO8cOipkhpGHZGN4AaABAg.AHGSrn-lI-wAHJPyjBqag0,We love you Ireland!!,@TheLieDestroyerAlterEgo,3,1745884800,True,UgwcVO8cOipkhpGHZGN4AaABAg
UgwcVO8cOipkhpGHZGN4AaABAg.AHGSrn-lI-wAHJU8fZH2GN,Planing to go to Ireland for studies from India,@mouzzamahmad2171,3,1745884800,True,UgwcVO8cOipkhpGHZGN4AaABAg
UgwVuJqz_hKy7NWuaM54AaABAg.AHH60uOMMxlAHPbIpelCbJ,Thought we started boycotting tv licensing 15 years ago ğŸ˜‚,@JayAlpha-g5k,3,1745884800,True,UgwVuJqz_hKy7NWuaM54AaABAg
Ugy9OnTYwLx8twR1Dv14AaABAg,â€œFormer Goldman Sachs banker and staunch Zionist Richard Sharpâ€™s support alludes to the decades of BBCâ€™s bias in favour of Israel which has been documented by academic scholars in media and journalism.â€,@VILL4IN-1,3,1745884800,False,
UgzWM40mNsFbWTifmL94AaABAg.AHGRDCEvc7IAHGdooqhFsl,Â @VortexSahdeÂ  it's not.,@popkb,3,1745884800,True,UgzWM40mNsFbWTifmL94AaABAg
UgzWM40mNsFbWTifmL94AaABAg,"Free Gaza 




From Humus",@ex-muslimtestimonies001,3,1745884800,False,
Ugw6k3ApuBHtncUcObh4AaABAg,May Allah all mighty aid your suffering and people along with you with a reward in the hereafter and this dunya.,@noobility,3,1745884800,False,
UgxpLeuAUxjjowP3u2B4AaABAg,Well done Gary. ğŸ«¡ğŸ«¡ğŸ«¡ğŸ«¡ğŸ«¡,@ricky399,3,1745884800,False,
UgzTARd9u3O49dA2bKV4AaABAg,We all going to be questioned about this but the questioner is not you and i,@AliyahMohammed-p6p,2,1745884800,False,
UgyUtVfyRGMeb0dcN8N4AaABAg,Whst a great footballer and human being Legend Gary Winston Lineker el matadorâ¤,@loganpadayachee6048,2,1745884800,False,
UgxAUW_MK2R8X3trU2d4AaABAg,Always liked Gary Lineker since his football days,@maz727,2,1745884800,False,
UgxTKYaaWr1snThUMYF4AaABAg.AHGVWMp8q3vAHGdHjIc4W2,Â @ABZINHO7Â yeah thatâ€™s fair enough heâ€™s genuinely a great guy,@d1.17z,2,1745884800,True,UgxTKYaaWr1snThUMYF4AaABAg
UgxhUDaagBgz6oS9Lwd4AaABAg,"Wow Gary Lineker speaking up.
Good on you Gary.",@itisimatadvc,2,1745884800,False,
UgwAXFmgHFOO0GjQ2KV4AaABAg,"Iam ashamed of Amol Rajan, I went to secondary school with him. Hes obvioudly delusional since joining bbc for a number of yesrs. He has no clue about the war..... I mean genocide in Occupied Palestine.",@Rizzi88,2,1745884800,False,
UgxTKYaaWr1snThUMYF4AaABAg.AHGVWMp8q3vAHGpf9FopGf,"Where have you been living..?
2 years ago he was suspended from the BBC for speaking against government immigration language.",@jaspaltoor3486,2,1745884800,True,UgxTKYaaWr1snThUMYF4AaABAg
UgwrzU-_uufevzVEZ3l4AaABAg,"4:01 ""i understand why its so difficult for the BBC"" - touches his nose the same time. Thats what we like to call A LIE in body language terms.
He doesnt understand why the BBC are finding it difficult to be truthful about a genocide but he has to say that to hopefully one day 
get a job again with the BBC or some other TV channel",@tigrecito48,2,1745884800,False,
Ugy-_Lf4dthpe_x6Usp4AaABAg,"I admire Gary Linekar 
he is fair and has compassion.",@SalmiShamsuddin,2,1745884800,False,
UgzYvnhYb5WvgY0UaxF4AaABAg,Free Palestine ğŸ‡µğŸ‡¸,@aliiqbal-kx9py,2,1745884800,False,
UgyieP7H9l4iQ9MMquN4AaABAg,gary you used to visit my parents restraunt in mill hill when i was younger with ian wright and david seaman. you guys were my hero's when i was a kid. they say you should never meet your heros... I am so proud of my heros. love and respect you legends.,@lordm1970,2,1745884800,False,
Ugwdgpc-M2mMXSmx36t4AaABAg,The mug has a PhD in lying,@Youtubeuser1_me,2,1745884800,False,
UgwdNaJE-zANaBxR2x94AaABAg,Thanks for telling the truth Gary,@angelasharif8303,2,1745884800,False,
UgyXKf_RDWtOEqIzUxl4AaABAg.AHGTKo-PRDnAHGhZxwh7kq,hindutva rss ethnoreligious svastika  fascists,@RoseGold-24kt,2,1745884800,True,UgyXKf_RDWtOEqIzUxl4AaABAg
UgwcVO8cOipkhpGHZGN4AaABAg.AHGSrn-lI-wAHJIblcQJQD,I love Ireland,@haroonnawaz4702,2,1745884800,True,UgwcVO8cOipkhpGHZGN4AaABAg
UgwyzypmiGflTfLB1qF4AaABAg,I love Gary Linekar as a footballer when he played for Barcelona and his genuine passion and dedication for football and his views about Palestine is very inspiring and true. Heâ€™s speaking about facts while Western Media is caught in lying about it and showing Israel as a victim not as an aggressor.,@Abdullah-b5o2k,2,1745884800,False,
UgzEFgGixORf4sZbGyd4AaABAg,"Zeehsan i hope you make a video on the brutal terrorist attack in Kashmir where 26 people died , also the people were asked about their religion before getting killed , the ones who were hindus were not spared........... Your concern shouldn't be limited just to Palestinains",@VortexSahde,2,1745884800,False,
UgwcVO8cOipkhpGHZGN4AaABAg.AHGSrn-lI-wAHJV949JFbv,Â @mouzzamahmad2171Â  hope you enjoy your time in Ireland :),@Freezeeny,2,1745884800,True,UgwcVO8cOipkhpGHZGN4AaABAg
UgzqrhEc2q2Lr_qe4bN4AaABAg,Free Palestine ğŸ‡µğŸ‡¸â¤ï¸,@muslima282,2,1745884800,False,
UgyqGt5emP87RIoDCdh4AaABAg,Israel will never be defeated . God's people are strong ğŸ’ª ğŸ‡®ğŸ‡±,@Evemeister12,2,1745884800,False,
UgysTqAt6z6fMMG0PLJ4AaABAg,"""Impartial ""? BBC needs an OED ğŸ¤£",@dayzoflot2022,2,1745884800,False,
UgxFU14XB8UYToGIjpp4AaABAg,bruhh your beards getting white,@DrillWood9699,2,1745884800,False,
UgyKuxBbEdEEnMc0NOt4AaABAg,2:00 couldnt see his face,@ft7397,2,1745884800,False,
UgzSPgucuH28OLgbZW14AaABAg,"Gary is wrong about some things, but this isn't one of them.",@user-cp7gh8zj6b,2,1745884800,False,
UgydT7QwvZYKb9ScCWp4AaABAg,Love you Gary Lineker â¤,@dinoraul119,2,1745884800,False,
UgzcMjQ5y3GhQ_lUJdl4AaABAg.AHGQiVtU_CrAHGSrdVrxcR,Wa alykumusalaam,@smiletojannah,2,1745884800,True,UgzcMjQ5y3GhQ_lUJdl4AaABAg
UgxT1zxqsJub8LjPoPd4AaABAg,GARY. THE.  GREAT. â¤â¤,@FrankRichardson-pw7uj,2,1745884800,False,
UgxdfkPtajSg2T6b0Ch4AaABAg,Brilliant Gary!!!,@nuzhatimtiaz318,1,1745884800,False,
UgzgQWcL75eqBN0JAEB4AaABAg,"Just telling you the Truth, well done Gary â¤for Palestine ğŸ‡µğŸ‡¸",@andymcaleer4163,1,1745884800,False,
UgxTKYaaWr1snThUMYF4AaABAg.AHGVWMp8q3vAHGqwjD9H2_,Â @ABZINHO7Â He has been speaking about the genocide for a long time,@pamalickkujabi3461,1,1745884800,True,UgxTKYaaWr1snThUMYF4AaABAg
UgwQN3MLXGH5bUGRFAR4AaABAg,Time to boycott University Challenge because of this guy!,@farahsselfcarespace,1,1745884800,False,
UgwcVO8cOipkhpGHZGN4AaABAg.AHGSrn-lI-wAHJNzDav9Y8,ğŸ’¯ ğŸ’¯ ğŸ’¯,@mariaa6918,1,1745884800,True,UgwcVO8cOipkhpGHZGN4AaABAg
UgwKP-mdJUFu4KO22Ot4AaABAg,British Bullshit Corporation..,@Aadamhussain-e2t,1,1745884800,False,
UgxbUOCv25XJLcbdH-t4AaABAg,Support comment,@Moonlight-777,1,1745884800,False,
Ugwj-tVew5UlmZQjiD54AaABAg,Bravo Gary you are  a true hero for standing up for HUMANITY. God bless you and your family.,@saleemmahomed5800,1,1745884800,False,
UgyH1V-GffevyNXb6ml4AaABAg,Gary is proper fella,@SW-ec3ei,1,1745884800,False,
UgwDUjlxjYi-KOcVsgR4AaABAg,He looks like a hindu cow worshipper,@Blinkymftj,1,1745884800,False,
UgyObSD7msh8m-V7e8Z4AaABAg,Tiwari got slayed,@faizank.1448,1,1745884800,False,
Ugynqk4D07svFYdlOXp4AaABAg,This man has proved he only gets views from jews and hindus he didn't explain the situation in kashmir and attack in ehich 28 ppl killed by islamic terrorist these fcking muslims,@sharmakanishk9960,1,1745884800,False,
UgyZg4dXe5YNqGNrEq54AaABAg,wow,@waseemakhtar4110,1,1745884800,False,
Ugw2YKFfdbWOC1B-glx4AaABAg,BBC Hypocrits all over uk.,@ricky399,1,1745884800,False,
UgxjFCRw1-4yC96s44B4AaABAg.AHGTOS4Mdw8AHPaPH0ZWUc,Oppressors will always be defeated!,@AyishaFreedom,1,1745884800,True,UgxjFCRw1-4yC96s44B4AaABAg
Ugw2HoAWtfNLa5A1Ymd4AaABAg,"Gary Linekar's parents were good friends of my Gran's. She went to school with his Dad, and also babysat Gary afew times. She always spoke highly of his family. Said they were decent, down to earth people. So I've always thought highly of him too. Yes he may have made a mistake over Qatar, he obviously didnt do his research. But he's woken up to the plight of the Palestinians. We have to give him credit for this.",@adeletait3558,1,1745884800,False,
UgzknKWVQ5ocikiuQux4AaABAg,Iâ€™m your 5.000 like :D btw thanks for these good videos,@Plane_aviation123,1,1745884800,False,
Ugy-MlvlAR0vCksN_-R4AaABAg,I smell cow tatti,@brightfuture9099,1,1745884800,False,
UgwzseL7xt8AU_wivGt4AaABAg,"Just hope that Super Duper Mik (Mikel Arteta) and the Arsenal follow through (Celtic is a good example as well.)

Also if you dont mind... type in the comments what team do you support 
ğŸ‘‡ğŸ‘‡",@user-us7el6ss2l,1,1745884800,False,
UgyqGt5emP87RIoDCdh4AaABAg.AHJfVfMFfDSAHKJVCylIYs,Zionist indoctrination + moral bankruptcy is a potent combination.,@kylemunroe2133,1,1745884800,True,UgyqGt5emP87RIoDCdh4AaABAg
Ugz8_D2CszGnHxb1jQd4AaABAg,Why donâ€™t you report about the terrorist attack done on innocent tourists at Kashmir,@han_cock,1,1745884800,False,
Ugx5mz7FlDs3r8PjNhh4AaABAg,Eh....Nothing difficult here mate....,@mariaa6918,1,1745884800,False,
UgzEFgGixORf4sZbGyd4AaABAg.AHGWi7BouGXAHGbXlrqIaz,Proof or it didnâ€™t happen,@El_Negro2003,1,1745884800,True,UgzEFgGixORf4sZbGyd4AaABAg
UgyOuFMTmnj1TFrjIEB4AaABAg,We Muslims have failed the ppl of Gaza,@goldfinga786able,1,1745884800,False,
UgxTXnt2HBh-ffPp3qJ4AaABAg,SubhanAllah ! La Ilahe IllAllah ! Allahu Akbar ! Elhamdulillah !,@classicchrome716,1,1745884800,False,
UgzEFgGixORf4sZbGyd4AaABAg.AHGWi7BouGXAHGfx1Aq7GY,"@  If you are from india you will know , whole of Kashmir is protesting today against the terror attack",@VortexSahde,1,1745884800,True,UgzEFgGixORf4sZbGyd4AaABAg
UgxakBC91uyrHFM8W_d4AaABAg,True say the Nazionisterrorists r very well connected they been working on this since the Ottoman Empire told them to do 1 Palestine ğŸ‡µğŸ‡¸ wasnâ€™t for sale at any price in 1896  !!!,@ts4095,1,1745884800,False,
Ugx2sE3rbw35tujfTbB4AaABAg.AHGn01hFdTyAHSdIjFQuBo,Money has spoken louder than words throughout history unfortunately,@headphonesyt2300,1,1745884800,True,Ugx2sE3rbw35tujfTbB4AaABAg
Ugzix5yIb0Hk4fm1y4d4AaABAg,Isreal terrorist organisation,@KS_889,1,1745884800,False,
Ugx2sE3rbw35tujfTbB4AaABAg.AHGn01hFdTyAHHI7a-Dm72,Egregious ğŸ˜¢,@diydaily9590,1,1745884800,True,Ugx2sE3rbw35tujfTbB4AaABAg
UgzDpPLpDi0rXwtaMtJ4AaABAg,BBC is a mouthpiece terrorist Zionist,@KS_889,1,1745884800,False,
Ugx0j4OtFnqTb6jTOXF4AaABAg,It's frustrating that there are so many israeli paid agents out there that are being forced on us but it just makes principled heroes like Gary Lineker shine even brighter.,@boogy1956,1,1745884800,False,
UgyqGt5emP87RIoDCdh4AaABAg.AHJfVfMFfDSAHLQGaI35EH,correct me if im wrong but dont u guys not believe in a god?,@ZeronWasTaken,1,1745884800,True,UgyqGt5emP87RIoDCdh4AaABAg
Ugw2YVO-nb6Ql_u75iF4AaABAg,Great video but I hope the cap is fake. Your money donâ€™t deserve to be in their pockets ğŸ˜…,@scazz007,1,1745884800,False,
Ugy9LARX-6nhLv1tSVh4AaABAg,SMile 2 Jannah pls could put the points on line so we can download it. pls,@ahsenkhan5386,1,1745884800,False,
UgzgvdKIJDE7CCXFUeh4AaABAg.AHH6J9A2HMfAHHHelkBn97,What is a tv licence,@tiktokviral6218,1,1745884800,True,UgzgvdKIJDE7CCXFUeh4AaABAg
UgxgPrj-C_oGij3UVqZ4AaABAg,A true legend on and off the pitch,@NuruzZaman-s8z,1,1745884800,False,
Ugy2-JkYDkliM_bUBpt4AaABAg,Interviewer sound's like an isreal spokesman,@stevehealy7504,1,1745884800,False,
Ugw18hg0cBoHFmp0Rvt4AaABAg,someone has a link to the ithub?,@H786...,1,1745884800,False,
Ugw4APCTVQqwKCOAsed4AaABAg,Gary is a legend ğŸ‘ğŸ™ŒğŸ’™,@QudsHussain-quds,1,1745884800,False,
UgwbBPExDzFQxDDGA1F4AaABAg,Salaam zee . Need to speak with you urgently.  My names quds from Manchester ğŸ˜®ğŸ˜®ğŸ˜®ğŸ˜®ğŸ˜®ğŸ˜®ğŸ˜®,@QudsHussain-quds,1,1745884800,False,
UgxTKYaaWr1snThUMYF4AaABAg.AHGVWMp8q3vAHGckMCU64d,â€‹Â @d1.17zÂ really. Tbh I've never heard it before but I didn't take him as someone who could speak up about the truth,@ABZINHO7,1,1745884800,True,UgxTKYaaWr1snThUMYF4AaABAg
UgxcM88WqlKXiY1k0Md4AaABAg.AHGWYwUbrfiAHGYlr9DbP5,Have done for years,,1,1745884800,True,UgxcM88WqlKXiY1k0Md4AaABAg
UgxA62lExno7bOTA9y94AaABAg,"Ø§Ù„Ù„Ù‡Ù… ÙŠØ§ Ø§Ù„Ø³Ù…ÙŠØ¹ Ø§Ù„Ø¹Ù„ÙŠÙ… ÙŠØ§ Ø§Ù„Ù„Ù‡ Ø§Ù„Ø±Ø­Ù…Ù† Ø§Ù„Ø±Ø­ÙŠÙ… ÙŠØ§ Ø§Ù„Ù„Ù‡ Ø£Ø±Ø­Ù… Ø§Ù„Ø±Ø§Ø­Ù…ÙŠÙ† ÙŠØ§ Ø°ÙˆØ§Ù„Ø¬Ù„Ø§Ù„ÙˆØ§Ù„Ø£ÙƒØ±Ø§Ù… ÙŠØ§ Ø§Ù„Ù„Ø·ÙŠÙ Ø§Ù„Ø®Ø¨ÙŠØ± Ø§Ù„Ù„ÛÙ… Ø§Ù†ØµØ± Ø§Ø®ÙˆØ§Ù†Ù†Ø§ Ø§Ù„Ù…Ø³Ù„Ù…ÙŠÙ† Ø§Ù„Ù…Ø³ØªØ¶Ø¹ÙÙŠÙ† ÙÛŒ ÙÙ„Ø³Ø·ÛŒÙ† Ùˆ ÙÙŠ Ø§Ù„Ø´Ø§Ù… ÙˆÙÙŠ ÙŠÙ…Ù† ÙˆÙÙŠ Ø£ÙØºØ§Ù†Ø³ØªØ§Ù† Ùˆ 
ÙÙŠ Ùˆ ÙƒÙ„ Ù…ÙƒØ§Ù† ÙˆØ«Ø¨ØªÚ¾Ù… ÙˆØ³Ø¯Ø±Ù…ÛŒÚ¾Ù… ÙˆØ§Ø­ÙØ¸Ú¾Ù… Ùˆ Ø£ØµÙ„Ø­ Ø£Ø­ÙˆØ§Ù„Ù‡Ù… ÙŠØ§Ø±Ø¨ ØŒØ¥Ù†Ú© Ø¹Ù„ÛŒ Ú©Ù„ÛŒ Ø´ÛŒÛŒØ¡ Ù‚Ø¯ÛŒØ± Ø¢Ù…ÛŒÙ† Ø«Ù… Ø¢Ù…ÛŒÙ† ÛŒØ§Ø±Ø¨ Ø§Ù„Ø¹Ø§Ù„Ù…ÛŒÙ†",@-i4me,1,1745884800,False,
Ugyt_31Po6FAbeqMTtd4AaABAg,"53 UAE Muslim countries not enough for you.
But only 1 Isreal- You're the jealous scum with an infiority complex.",@TolietConniseuer,1,1745884800,False,
Ugwx0KWS_0pXkKz1Oo54AaABAg,"Scum Nation, sub human",@getout0101,1,1745884800,False,
UgwQDIdFuG331u7h5H94AaABAg,"WOW !! Holy Land welcomes J Lo....... How low can you go.   You know she slept her way to the top and they call her J Ho ğŸ˜‚ğŸ˜‚ğŸ˜‚ğŸ˜‚ Say no to J Ho ! Woe to J Lo. Woe to those Madkhalis that allowed her show ! How dare you call yourself Mo ! You're no Mo, you're a foe - hohoho ğŸ¤£ğŸ¤£ğŸ¤£ğŸ¤£",@dayzoflot2022,1,1745884800,False,
UgxuGtDFg1vldQ_9q9h4AaABAg,"The Prophet(ï·º)said:â€œOne who-strives-to-help the widow and the-poor is such as the-one-who-fights-in the way of Allah.â€(Sahih al-Bukhari) 
I am your sister in islam, and I am a widow and  I have four orphaned children without a father. I am unable to provide even food for them. Sometimes my children sleep without eat. and we don t have anything at home to anything us except for your mercy. and Also,  the owner of the house comes most days, â€‹and telling us, that he will take us out of the house. due to delay in paying the rent and Also because of the accumulation of previous dues to them. Where do we go? and my kids are,. and they are still young and unable to work. and we have no source of earning money to live off of, and debts are accumulating on us and increasing day by day, and no one is responsible for us. only God. The Prophet(ï·º)said""Those who are merciful will be shown mercy by the Most Merciful"" jazakum allah khayrana
I am ready to provide all the proofs that prove the correctness of my words. I hope that he will Message me on the Whatsapp number. +967774145739.
Qaala Rasul Allah (ï·º) â€œWhoever removes a grief from a believer from amongst the sorrows of this life, Allah will remove a grief from him amongst the sorrows of the Day of Resurrectionâ€ (Muslim)",@help_Me-q,1,1745884800,False,
Ugzc-JS-bkTgeTs_5ux4AaABAg,Love Gary lineker,@RiceboxRicebox,1,1746489600,False,
Ugx8m1rjFld_TOATakR4AaABAg,"People like Lineker, Gary Neville & Rio ferndinand are the new young leaders of the WEF, trust nobody",@thefonzisback1749,1,1745884800,False,
UgwpHnBrmAyWcSriexJ4AaABAg,"I hated Amol Rajan long before today. The best thing you can do regarding the BBC is just STOP WATCHING, STOP LISTENING!",@Foe-o9j,1,1745884800,False,
UgxRZRo_CzkXKmxYCDh4AaABAg.AHGR6qHn5AhAHGSsNkWB2l,Yes I completely agree,@rehenabegum3197,1,1745884800,True,UgxRZRo_CzkXKmxYCDh4AaABAg
UgzDFsTZYTMc79SOVrF4AaABAg,Is it just me or when he told Gary â€œsounds like you think the BBC is a complete mess on impartialityâ€ that was a veiled threat? The intense stare down and then Garyâ€™s carefully selected words.,@Plant-ed,1,1745884800,False,
Ugyttcoal-wNmbsAzTl4AaABAg,Bro you are scared to about the pahalgam attack. You are nothing but a hypocrite who just wants to favor people of your own religion and openly support a barbaric ideology.,@Pushkar-c5j,1,1745884800,False,
Ugyoqg4ArHMTN837vLN4AaABAg,They agents of destruction ğŸ˜®,@Seraphiccrescendo,1,1745884800,False,
UgzA_RC5Zg2Zgf7VUEd4AaABAg,"Alhamdulillah, great video",@AadilMoosa,1,1745884800,False,
Ugxc3HI-Q8vXHCbmm_x4AaABAg,"GOD bless Gary I liked him when he playing football, probably one most cleanest player I remember and most of all i really love the human being he is â¤ï¸ and my respect for him is still growing ğŸ‘ğŸ‘ what a legendğŸ‘ğŸ‘ğŸ‘ GOD Bless You â˜ğŸ½ğŸ™ğŸ»ğŸ‡µğŸ‡¸ğŸ™ğŸ»â˜ğŸ½",@786_uk-ak47,1,1745884800,False,
UgxwHpWIh4deOm0Ptjl4AaABAg,Make something for India Pahalgam ğŸ˜¢ğŸ˜¢,@ZAIDAKHTAR-b5m,1,1745884800,False,
UgzWM40mNsFbWTifmL94AaABAg.AHGRDCEvc7IAHLbD8vCGoE,"Save Christan 











From liar missionary & fake Ex Muslim.",@MdJewelYamin-j8k,1,1745884800,True,UgzWM40mNsFbWTifmL94AaABAg
UgxKXrlYzYo55aSmqIl4AaABAg,Everything lsrI and its supporters like the BBC say the Truth is the Opposite. Every accusation is a confession,@shakeels6982,1,1745884800,False,
UgxHhXogEG6lO8WcOQV4AaABAg,â€œOne day everyone will always have been against thisâ€,@johntravis7304,1,1745884800,False,
Ugyqyc1tKkttTWEZdCR4AaABAg,Respect Gary Lineker may God bless you so many cowards out there will never speak the truthâ¤â¤â¤,@habibhanif368,1,1745884800,False,
UgyljlIguvv9_xLowZx4AaABAg,"Mate, you put up a video and donâ€™t even give us a chance to listen to it, cause you have to make a comment ever 10-15 seconds. Come on",@pirateship69,1,1745884800,False,
UgxGSO7au81m2KHyvgt4AaABAg,Huge respect ğŸ«¡. He wants to be on the right side of history.,@mosunny4814,1,1745884800,False,
Ugw1XHkJf5Pd3jALx0p4AaABAg,May almighty Allah give guidance to Gary  Ameen,@ayubmatadar1136,1,1745884800,False,
UgyBH_2-qfJoUJAKOOt4AaABAg,Name of the host,@nafeesahnaf2387,1,1745884800,False,
UgxC6dqXpQuUV07SI1x4AaABAg,Selam Zeeshan. Sheikh Hasan al-Didew's University in mauritania was collecting donations during ramadan but they didnt get any traction online. If you have an oppertunity give them a shoutout inshallah. their YT channel is Safwa Centre,@seadsejfovic9127,1,1745884800,False,
UgzkIxVuLHmLq9z8WAV4AaABAg,"Respect to you Gary, you choose humanity, truth, freedom blessings on you and your loved ones.",@abdelhafidZorro_khoroto,1,1746489600,False,
Ugx7fcK66hJUWIWAHDJ4AaABAg,Israel is a failed state,@Truthseeker-o9d,1,1745884800,False,
UgxOeMB41PhBzO-E3X14AaABAg,"When trust in public broadcasters starts to crumble, it affects everyone â€” regardless of politics.
Impartiality doesnâ€™t mean avoiding hard truths â€” it means reporting them fully, especially when lives are on the line.

At TruthMattersUK, weâ€™re pushing for transparency, honesty, and a media culture that puts facts before spin.

Fight back. Join us. Spread it.",@TruthMattersUK,1,1745884800,False,
UgzlpKLclsyROFcBs_N4AaABAg,â¤â¤â¤â¤â¤,@tobee7268,1,1745884800,False,
UgxIWXezupEwIf_wHOd4AaABAg,Gary talking to our enemies ğŸ¤¬,@MB-lp9kd,1,1745884800,False,
Ugx_ZGK0yNr6Qi9LbDp4AaABAg.AHGSohv4MQ4AHI27-PG9-8,No he lied about migrants workers dying in Qatar ğŸ‡¶ğŸ‡¦,@warsamerashid4694,1,1745884800,True,Ugx_ZGK0yNr6Qi9LbDp4AaABAg
Ugxc7T9pb8qOWTW0d-t4AaABAg.AHGSjzY9XtbAHGV_bFporW,It's probably Goochi,@YouTube-User-VV75R,1,1745884800,True,Ugxc7T9pb8qOWTW0d-t4AaABAg
UgysWWSx8lV1muoqIC54AaABAg,Well Said Gary...,@paulchannel5275,1,1745884800,False,
UgzEFgGixORf4sZbGyd4AaABAg.AHGWi7BouGXAHHdt-OA4S7,"@  Whether indian government was involved or not I don't know but the terrorists asked the names of the hostages before killing them and it isn't the indian government claiming it, it is the women whose husbands or brothers were killed claimed it",@VortexSahde,0,1745884800,True,UgzEFgGixORf4sZbGyd4AaABAg
UgwhWMkZfRbFQq_vdJx4AaABAg.AHGcml2K4bVAHkiP_PmOOv,â€‹@AbdulMiah-m8vno he was not,@araoto9240,0,1746576000,True,UgwhWMkZfRbFQq_vdJx4AaABAg
UgwhWMkZfRbFQq_vdJx4AaABAg.AHGcml2K4bVAHHFz4SP82S,"@AbdulMiah-m8v
He was",@Rare-Jewels99,0,1745884800,True,UgwhWMkZfRbFQq_vdJx4AaABAg
UgzWM40mNsFbWTifmL94AaABAg.AHGRDCEvc7IAHLcFjfEILX,"â€‹Â @VortexSahdeÂ As a Muslim I agree Zionist are the problem of Judaism.
Free Jews from Zionist .
Like In your country 
Free Hindu from BJP, RSS, Shivsena & Bojron Dal",@MdJewelYamin-j8k,0,1745884800,True,UgzWM40mNsFbWTifmL94AaABAg
UgzEFgGixORf4sZbGyd4AaABAg.AHGWi7BouGXAHGpVcEs3fk,"Yes, we know about the false flag attack carried out by godhi hindutva terrorists",@uzair7387,0,1745884800,True,UgzEFgGixORf4sZbGyd4AaABAg
UgzEFgGixORf4sZbGyd4AaABAg.AHGWi7BouGXAHGqJjlCWxE,"Â @VortexSahdeÂ   what about Adil Shah? What about him huh? No one is talking about him, because heâ€™s Muslim",@El_Negro2003,0,1745884800,True,UgzEFgGixORf4sZbGyd4AaABAg
UgyZ7RJKWOUdcw4s1TF4AaABAg,More proof that it is the abortionist culture that created Israel,@YourMumsOF-2024-,0,1745884800,False,
UgzEFgGixORf4sZbGyd4AaABAg.AHGWi7BouGXAHH_NLE0BUQ,"Blindia condemns t-attacks that they committed themselves (false flag attacks)? Make it make sense!ğŸ¤¦â€â™€ï¸ 

You scamdian zindu te rr o r i s ts and your regime are hell bend on occupying kashmir yet I'm suppose to believe you care about a religious minority over there that you've harmed yourself? â€‹Â @VortexSahdeÂ 

BğŸ•h bye you think we all bumped our head and would believe the land that is notorious for mass attacking it's own religious minorities? Heck you even attack certain native tribed
S amongst your own!",@Thamazgha-tamurth-enegh,0,1745884800,True,UgzEFgGixORf4sZbGyd4AaABAg
UgzEFgGixORf4sZbGyd4AaABAg.AHGWi7BouGXAHHe2OXneGK,"@  Out of 26 people, one was a Muslim that too it is speculated he was a shia, nonetheless he was killed because he was trying to snatch away the gun from the terrorirsts 
No matter what you want to claim but the  truth is terorirsts targetted non Muslims in this attack",@VortexSahde,0,1745884800,True,UgzEFgGixORf4sZbGyd4AaABAg
UgzWM40mNsFbWTifmL94AaABAg.AHGRDCEvc7IAHGhOH8plQ5,"Hummus is a traditional dish in Palestinian Culture...

Freeing Gaza from its culture is like asking the Vatican to turn Communist!",@user-us7el6ss2l,0,1745884800,True,UgzWM40mNsFbWTifmL94AaABAg
UgzEFgGixORf4sZbGyd4AaABAg.AHGWi7BouGXAHGp4GDsJ8M,"Another pulvama ,innocent lives being taken to win elections",@saliibnm446,0,1745884800,True,UgzEFgGixORf4sZbGyd4AaABAg
Ugz6brVpai_k3h2XGW94AaABAg.AHGQLIhjnrDAHGRVIFHMf5,It's only been 9 minutes,@Halalboy1,0,1745884800,True,Ugz6brVpai_k3h2XGW94AaABAg
UgzEFgGixORf4sZbGyd4AaABAg.AHGWi7BouGXAHIJf_kZzte,"Â @VortexSahdeÂ   Let me see in 1997, the British Queen accompanied , accompanied by the Foreign Secretary Robin Cook,visited India. Robin Cook prior to the visit raised the issue, of India's human rights violations in Kashmir. The Indians where angered by that, and co-incidentally during the visit there was a Terrorist attack. 
In 2000 Bill Clinton, visited India during his visit, a Terrorist attack took place in Kashmir targeting Sikhs, the perpetrators claimed to be Muslims, global outrage followed. The Sikh groups themselves suspected that India government had done it for propaganda value.
Now during the visit by American Vice President JD Vance this is not a co-incidence. 
Indian over the last two decades has established a very close military and intelligence alliance with Israel. Their politicians have been openly calling for an Israel plan to adopted in Kashmir. 
They have emulated the Israeli plan across India itself of confiscating Muslim land, bull dozing Muslim homes and mosques, 
Allowing mobs to physically attack Muslims whilst the police looks on.... Hindutva mobs groups openly calling for ethnic cleansing and extermination of Muslim. 
If this continues the experts on genocide are predicting one to place of Muslims not only in Kashmir but across India. In the coming decades.",@ashaqhussain6902,0,1745884800,True,UgzEFgGixORf4sZbGyd4AaABAg
UgzEFgGixORf4sZbGyd4AaABAg.AHGWi7BouGXAHIKM8r9hhC,"Â @VortexSahdeÂ   It is not claim it is a fact, Indian authorities have in the passed carried out such acts, with their troops dressed like militants. Pretending to be insurgents. 
I am not disputing what you stated I am just asking have you got proof it was indeed Muslim perpetrators, not Indian army playing dress up and  pretending to be Muslim perpetrators.",@ashaqhussain6902,0,1745884800,True,UgzEFgGixORf4sZbGyd4AaABAg
UgzEFgGixORf4sZbGyd4AaABAg.AHGWi7BouGXAHIL25K7ys2,"For some reason my earlier reply giving examples of previous incidents got deleted. This act happened during JD Vance's visit, in 2000 a similar act happened during Bill Clinton's visit, the Sikhs were the victim, the perpetrators claimed to be Muslims were dressed up like insurgents. The Sikh community groups in Kashmir themselves stated they believed it was the Indian authorities who were responsible.... The western media ignored that and went with the Indian government narrative,",@ashaqhussain6902,0,1745884800,True,UgzEFgGixORf4sZbGyd4AaABAg
UgwhWMkZfRbFQq_vdJx4AaABAg.AHGcml2K4bVAHGvIArY6HB,"Â @riupalace6983Â  it's like praising the guy who slandered your mom for one good act he did mate, bit odd, there's no need to praise the guy I don't get why we always have to seek validation from famous non Muslims whenever they say anything slightly in favor of us man this guy is actively a Muslim hater",@thmhd,0,1745884800,True,UgwhWMkZfRbFQq_vdJx4AaABAg
UgzEFgGixORf4sZbGyd4AaABAg.AHGWi7BouGXAHIWrczYXSH,"Â @ashaqhussain6902Â   What you are claiming is just baseless, do you have any proofs of your claim? If it was so why were hindus targetted and Muslims left out? Kashmir's backbone of economy Is Tourism, now imagine after this incident how many people will be left jobless, what would indian government gain by this?",@VortexSahde,0,1745884800,True,UgzEFgGixORf4sZbGyd4AaABAg
UgzEFgGixORf4sZbGyd4AaABAg.AHGWi7BouGXAHIY8vAuzrV,"â€‹â€‹Â @VortexSahdeÂ   Indian government gets propaganda value, and labelling the legitimate struggle of the Kashmiri people to self-determination as a terrorist struggle. And an excuse to increase their oppression of the Kashmiri people, and an opportunity to implement the ""Israel plan"" which their politicians have been talking about, for years, as for proofs, you can read reports from Amnesty International, Human Rights Watch, and Physicians for Human Rights going back all the way to the 1990's about the brutal oppression of the Kashmiri people. And their covert operations. 
 Do you have any independent proofs of your claim that it was insurgents???",@ashaqhussain6902,0,1745884800,True,UgzEFgGixORf4sZbGyd4AaABAg
UgzEFgGixORf4sZbGyd4AaABAg.AHGWi7BouGXAHIasGmSg-k,"Â @ashaqhussain6902Â   Do you know how many Kashmiris have hit the streets against the terrorist attack? Schools, buses have been stopped to show condolence towards the victims, The Kashmiris are asking the government to take strict action against the perpetrators, Kashmiris livelihood depends upon tourism, now imagine how many people will be left jobless due to this........... There will be tighter control in Kashmir, do you think Kahsmiris want that? They are happier to be a part of India than remain independent or merge with Pakistan",@VortexSahde,0,1745884800,True,UgzEFgGixORf4sZbGyd4AaABAg
UgwhWMkZfRbFQq_vdJx4AaABAg.AHGcml2K4bVAHkjNYXUcte,"@thmhd Everybody should be critical of Qatar and just like being critical of Israel doesn't make you antisemitic, being critical of Qatar does not make you islamaphobic.",@michaelohara49,0,1746576000,True,UgwhWMkZfRbFQq_vdJx4AaABAg
UgyrUMRwlvGtZfgglZZ4AaABAg,does he share a hat with ali dawah? who's hat is it?,@bashrath1,0,1745884800,False,
UgzEFgGixORf4sZbGyd4AaABAg.AHGWi7BouGXAHGkNZjRPJj,"â€‹Â @VortexSahdeÂ   my previous 2 comment probably removed .
1 ndian Godi edia mix urine with milk.
2.[""Research more. Half information from Godi media and whatsApp niversity is dang-ous.
N Wodi xport ğŸš€ to Isr-l (Al -Jaz-rh) and xend soldiers(5500+) to  Isr-l( trtworld yogi A) 
It's tremendously brutal to humanity. ]
You talking about problem 
But you  must talk about behind the problem. Ter-ism isn't solution. When VJP leader say 
It's time to marry white kasmiri.
It's shows arrogance. Innocent are become victims for their extremis",@MohammedYamin-z5r,0,1745884800,True,UgzEFgGixORf4sZbGyd4AaABAg
UgxtVEdT0yAcmrykWul4AaABAg,You going to make a video response to what happened in Kashmir?,@MS-dc2tt,0,1745884800,False,
UgwlgO9Xr2n88wElY7d4AaABAg,In the future let the clip finish and then say your opinion. Too stops I had to scroll to another video.,@ahmedrashid2803,0,1747008000,False,
UgyvfZWULemEYFtTTSl4AaABAg.AHGQSUdRSBnAHHXuiKRaae,That's the no. 1 motto the zio nutzees live by. Heck even 1 of their most prominent terror karen propagendist somewhere in the states has explained how she teaches her minions to always use this motto to deflect any criticism. May Allah continue to expose their agenda. The world needs to wake up!,@Thamazgha-tamurth-enegh,0,1745884800,True,UgyvfZWULemEYFtTTSl4AaABAg
UgyOLTTLssgk-ypa3XV4AaABAg,"bro if you havent talked much during video , it would have been better , you talked over a lot , lol , but lets stand for paliestain and muslim !!",@EggsyErwin,0,1746835200,False,
Ugwua6ysN_qsBNH7w0d4AaABAg,"I am with you, and i have been saying this since Isreal started perlioning land in the 70s, 80s, and then in 2023! THE WORLD IGNORED IT?",@jamesrickerby2756,0,1746576000,False,
UgxasyFTLm6gzodJXxd4AaABAg,4:27 is theat a github readme bro?!,@islamicanimations6502,0,1745884800,False,
UgwnRPq_892W9JQXhZd4AaABAg,Mate you interrupt to much they talk for 5 seconds you talk for 30,@jaykay1011,0,1745884800,False,
UgwhUgYskV9qvBLaYoZ4AaABAg,Lineker and the left are the nazis and the fascists.,@tancho103,0,1747267200,False,
UgzcMjQ5y3GhQ_lUJdl4AaABAg,Salamuna zeeshan orrora,@muhammadtalha807,0,1745884800,False,
Ugw6yvud1NNhbeVTsN14AaABAg.AHGQOAeoHS2AHGq3-mVIPM,Ameen,@SajjidMehmood-b9t,0,1745884800,True,Ugw6yvud1NNhbeVTsN14AaABAg
UgwZIBXcgvtSxXvELbB4AaABAg,Was that guy Indian by any chance lol,@i_asked_,0,1746489600,False,
UgxBF2EXz95xDahcYmF4AaABAg,israel have been cooking and planning for this genocide way back. they are no better than hitler,@brooly3994,0,1745884800,False,
UgyFsH8dRjpiBBEFXM54AaABAg,Mehdi hassan piers Morgan no comparison. It's like you are comparing a cycle with aeroplane. Mehdi can leave you speech less in no time.,@DiecastWheelers,0,1745884800,False,
UgzEFgGixORf4sZbGyd4AaABAg.AHGWi7BouGXAHInNS_Mqm8,"â€‹Â @VortexSahdeÂ  My Dear BJP Hindutva troll, I am a Kashmiri, we will never accept Indian brutality oppression and subjugation, and never submit to our oppressors. 
Yes Kashmiris have come out in protest to condemn because they fear the Indian Occupiers will use this as a pretext to do what their allies are doing to Palestinians.",@ashaqhussain6902,0,1745884800,True,UgzEFgGixORf4sZbGyd4AaABAg
UgxRNouC2YSrUvZSi2p4AaABAg,Isreal good Putin Bad â€¦..so messed up Killing is bad â€¦..genocide very bad â€¦â€¦except if Isreal are involvedâ€¦.ğŸ¤”ğŸ¤”ğŸ¤”,@oldandletdown7464,0,1745884800,False,
UgxjHQfI8seU5HJYiFV4AaABAg,"Desire Allah's love? The Messenger of Allah (ï·º) said: ""Two words are light on the tongue, heavy on the scales, and beloved to the Most Merciful: 
SubhanAllahi wa bihamdihi, SubhanAllahil-Azim."" 
(Glory be to Allah and all praise is due to Him, Glory be to Allah the Great.) 
[Sahih-Bukhari] 
May Allah ease your struggles and grant you Paradise!ğŸŒŒ",@Supreme_Truth123,0,1746489600,False,
UgxjOm6xqYQz4Ikqza94AaABAg,Why does no one stop Israel thanx mr Gary,@mustaquepatel1606,0,1745884800,False,
UgwgkGYL8jM8-ud2N654AaABAg,This guy is typical Indian Zionist western puppet,@BasilBell-g7l,0,1747267200,False,
Ugw0tACggVn5aL9u7DZ4AaABAg,Oh the BBC (which stands for Barely Believable Corporation) is OWNED by the Israeli lobby. MSM is utterly corrupt,@richwiskin4860,0,1746489600,False,
UgzEFgGixORf4sZbGyd4AaABAg.AHGWi7BouGXAHGcro6sV3N,â€‹Â @El_Negro2003Â  Indian media Have poops not proof ğŸ˜‚,@MohammedYamin-z5r,0,1745884800,True,UgzEFgGixORf4sZbGyd4AaABAg
Ugwaz6o_yFhhn0KCeEh4AaABAg,I hope his bravery inspires the people who are too scared to say anything. We need loud voices to drown out the unbelievable pro-Z;onist bias.,@entropyinreverse,0,1747267200,False,
Ugy6rVscYpumy2YU5nB4AaABAg,You are amazing and doing part,@samsamyusuf852,0,1745884800,False,
UgzWjXjAB8SHnIyKKht4AaABAg,Bro shurrup and let the clip play. Talk after.,@asifmohammad2978,0,1745884800,False,
UgyQhdzwBll-TTePy1V4AaABAg,"I've started a new channel which presents Islamic teachings with a unique twist. I have also created videos where I tried to prove the existence of God. In'Sha'Allah, you'll appreciate the content. Jazak'Allah! Your ideas for future videos are welcome.",@TheologyWithLogic,0,1745884800,False,
UgwcVO8cOipkhpGHZGN4AaABAg.AHGSrn-lI-wAHPS39y_n6-,Aye we do. ğŸ‡®ğŸ‡ªğŸ‡®ğŸ‡ªğŸ‡®ğŸ‡ªğŸ‡®ğŸ‡ªâ™¥ï¸â™¥ï¸â™¥ï¸â™¥ï¸,@europe_transport,0,1745884800,True,UgwcVO8cOipkhpGHZGN4AaABAg
UgzEFgGixORf4sZbGyd4AaABAg.AHGWi7BouGXAHInsb9DW_g,"â€‹â€‹Â @VortexSahdeÂ  Well if so that does not require rocket science, does it to figure out why the Indian authorities would target only Hindus, which it brings greater propaganda value to the Fascist BJP regime. They can then use this to play the victim card and further oppress the Kashmiri people's as they have been doing for decades. Indeed the Indian authorities deliberately harming the tourist industry to starve the Kashmiris into submission is nothing new.
Now you can go and sell your narrative to some place else. We are fully aware of the Hindutva and their agenda.",@ashaqhussain6902,0,1745884800,True,UgzEFgGixORf4sZbGyd4AaABAg
UgwFhNyqViOfYiDobt54AaABAg,Nice.,@ytcensorshipsucks,0,1745884800,False,
UgxjFCRw1-4yC96s44B4AaABAg.AHGTOS4Mdw8AHHU706m7SK,"Hahaha that's war on war genocide by Muslims not by Jews Rip off the Torah turn it to evil have 53 UAE Muslim countries not enough for you.
But only 1 Isreal- You're the jealous scum with an infiority complex.",@TolietConniseuer,0,1745884800,True,UgxjFCRw1-4yC96s44B4AaABAg
Ugxc7T9pb8qOWTW0d-t4AaABAg.AHGSjzY9XtbAHH2DOd34YS,Fucci fake gucci,@Nooooooooooooooo1x,0,1745884800,True,Ugxc7T9pb8qOWTW0d-t4AaABAg
Ugxc7T9pb8qOWTW0d-t4AaABAg.AHGSjzY9XtbAHGjM-JxrmU,"@ first thing's first, BDS is older than 70ct23. i had some stuff before i knew about BDS. i stopped wearing it or destroyed most of it. i am not a ""scholar"" or ""expert on Islam"", let alone a famous one. just a layman if you want to name it something. but watching a famous dawah guy (who seems to be genuinely smart) still wearing these brands, makes me think that there is something wrong here. Do you think i did the wrong thing? and they are doing the right thing?",@23shan,0,1745884800,True,Ugxc7T9pb8qOWTW0d-t4AaABAg
UgxjFCRw1-4yC96s44B4AaABAg.AHGTOS4Mdw8AHMeB8bWC2m,Protect everyone from Muslim extremism.,@theinngu5560,0,1745884800,True,UgxjFCRw1-4yC96s44B4AaABAg
Ugxc7T9pb8qOWTW0d-t4AaABAg.AHGSjzY9XtbAHGgb0iXYBV,@  I have no idea what u r trying to say,@MaximumPayine,0,1745884800,True,Ugxc7T9pb8qOWTW0d-t4AaABAg
UgxjFCRw1-4yC96s44B4AaABAg.AHGTOS4Mdw8AHQgzC32-Qo,â€‹Â @AyishaFreedomÂ  In Shaa AllahğŸ¤²ğŸ»,@Moonlight-777,0,1745884800,True,UgxjFCRw1-4yC96s44B4AaABAg
Ugxc7T9pb8qOWTW0d-t4AaABAg.AHGSjzY9XtbAHGd-8G9Q9e,"Â @MaximumPayineÂ  well, now that you know it, and if you really hate what they are doing, you get rid of this sheet or atleast do not go wear it in public. are they not that smart?? these dawah guys???",@23shan,0,1745884800,True,Ugxc7T9pb8qOWTW0d-t4AaABAg
Ugxa0e_yfOxXdi0H79J4AaABAg,You are there as an ADVOCATE for the 0ppressors.,@YouGuessedit1,0,1745884800,False,
Ugx3p0zEP6Qws8JsQGN4AaABAg,Wait wait wait waitâ€¦ Wait! Is Zeeshan rocking a gucci hat! My man has made it. Big up the stylee rudebwoi! ğŸ˜‚,@husseinafzal2335,0,1745884800,False,
Ugxc7T9pb8qOWTW0d-t4AaABAg.AHGSjzY9XtbAHGcaA5pCj5,"Â @MaximumPayineÂ  well now you know and if you really hate what they are doing, you get rid of this sh!t or atleast do not go wear it in public. are they not that smart?? these dawah guys???",@23shan,0,1745884800,True,Ugxc7T9pb8qOWTW0d-t4AaABAg
UgyXKf_RDWtOEqIzUxl4AaABAg.AHGTKo-PRDnAHHY802Wb2u,You mean specifically the zindutva scamdian moandi worshipping dotheads? Yeah many of them are like that cause they are occupiers themselves. Look at the misery they've been causing in kashmir.,@Thamazgha-tamurth-enegh,0,1745884800,True,UgyXKf_RDWtOEqIzUxl4AaABAg
UgxRxal09KeNdpLBdFN4AaABAg,"Ğ¡Ğ°Ğ¼Ñ‹Ğµ Ğ¾Ñ‚Ğ²Ñ€Ğ°Ñ‚Ğ¸Ñ‚ĞµĞ»ÑŒĞ½Ñ‹Ğµ ÑƒĞ±Ğ¸Ğ¹ÑÑ‚Ğ²Ğ° ÑĞ¾Ğ²ĞµÑ€ÑˆĞ°ÑÑ‚ÑÑ Ñ Ğ¼Ğ¾Ğ»Ñ‡Ğ°Ğ»Ğ¸Ğ²Ğ¾Ğ³Ğ¾ ÑĞ¾Ğ³Ğ»Ğ°ÑĞ¸Ñ Ñ‚Ğ°ĞºĞ¸Ñ… Ğ»ÑĞ´ĞµĞ¹. ĞœĞ¾Ğ»Ñ‡Ğ°Ğ»Ğ¸Ğ²Ñ‹Ğµ Ñ‚Ğ²Ğ°Ñ€Ğ¸, ĞºĞ¾Ñ‚Ğ¾Ñ€Ñ‹Ğµ Ğ³Ğ¾Ğ²Ğ¾Ñ€ÑÑ‚: "" Ğ­Ñ‚Ğ¾ Ğ¼ĞµĞ½Ñ Ğ½Ğµ ĞºĞ°ÑĞ°ĞµÑ‚ÑÑ"" ÑĞ²Ğ»ÑÑÑ‚ÑÑ Ğ¼Ñ€Ğ°Ğ·ÑĞ¼Ğ¸!!
ĞĞµ Ğ¼Ğ¾Ğ»Ñ‡Ğ¸Ñ‚Ğµ! Ğ‘Ğ¾Ğ¹ĞºĞ¾Ñ‚! ĞŸÑ€Ğ¾Ñ‚ĞµÑÑ‚! Ğ”ĞµĞ»Ğ¸Ñ‚ĞµÑÑŒ Ğ¸Ğ½Ñ„Ğ¾! Ğ”ÑƒĞ°!!!!!!",@Moonlight-777,0,1745884800,False,
UgwrweQ5PpYsdAzQoj14AaABAg,â¤,@abubakarrjalloh4037,0,1745884800,False,
UgxZ4S6102Ec8ntc85J4AaABAg,Gary linekar is a hero,@Monz-g7m,0,1745884800,False,
Ugz0D-W9tJmE6H54Ckp4AaABAg,"Bro youre wearing gucci hat?? Do you really care about islam of youre just profiting off of islam videos? And buying gucci, baleciaga, dior and all these satanic brands?",@Ryanryaaz,0,1745884800,False,
Ugxc7T9pb8qOWTW0d-t4AaABAg.AHGSjzY9XtbAHGXHKYEfa6,"You do know people could have owned stuff on the BDS list from before the last year and a half, right?",@MaximumPayine,0,1745884800,True,Ugxc7T9pb8qOWTW0d-t4AaABAg
UgwcVO8cOipkhpGHZGN4AaABAg.AHGSrn-lI-wAHG_mwv-SRc,â¤Irelandâ¤ . It's funny becoz despite Ireland doing nothing wrong suddenly a UFC guy with nut size brain started campaign to become Prime Minister  after meeting Trump. Clearly the baby killers hate Ireland.,@MoEDrA-vr5xt,0,1745884800,True,UgwcVO8cOipkhpGHZGN4AaABAg
Ugy7kQQ6wr3iu8CWRHV4AaABAg,Guys pleaae check BDS list......,@Moonlight-777,0,1745884800,False,
Ugz_dDXeYnIRP2pHVVd4AaABAg,"ThankYou Gary ğŸ™ğŸ½GBU ğŸ™ğŸ½âœ
FREEDOM & JUSTICE FOR OCCUPIED (since 1948), COLONISED, ETHNIC CLEANSED & NOW MASSACRED / SLAUGHTERED PAL.ğŸ‰ğŸ‡µğŸ‡¸
Support, Prayers & LOVE from Amsterdamn, Hollland ğŸ˜˜â¤",@LoffOksitosin,0,1745884800,False,
Ugx9WWN_0eIfeETrEVZ4AaABAg,"Salaam alaykum, Keep going I love you for the sake of Allahâ£ï¸:)!",@Ibzfivetimes,0,1745884800,False,
UgwvvM9HkvaIUZdjsoB4AaABAg,:hands-yellow-heart-red:,@ahsenzafar8037,0,1745884800,False,
UgwPuBiBt22BOVsEcOp4AaABAg,"Muslims living with Hindus = Problem.
Muslims living with Buddhists = Problem.
Muslims living with Christians = Problem.
Muslims living with Jews = Problem.
Muslims living with Sikhs = Problem
Muslims living with Bahaâ€™is = Problem.
Muslims living with Shintos = Problem.
Muslims living with Atheists = Problem.
Muslims living with Muslims = Big Problem.

 This led to:

Theyâ€™re not happy in Gaza.
Theyâ€™re not happy in Egypt.
Theyâ€™re not happy in Libya.
Theyâ€™re not happy in Morocco.
Theyâ€™re not happy in Iran.
Theyâ€™re not happy in Iraq.
Theyâ€™re not happy in Yemen.
Theyâ€™re not happy in Afghanistan.
Theyâ€™re not happy in Pakistan.
Theyâ€™re not happy in Syria.
Theyâ€™re not happy in Lebanon.
Theyâ€™re not happy in Nigeria.
Theyâ€™re not happy in Kenya.
Theyâ€™re not happy in Sudan.

Where are they happy?
Theyâ€™re happy in Australia.
Theyâ€™re happy in England.
Theyâ€™re happy in Belgium.
Theyâ€™re happy in France.
Theyâ€™re happy in Italy.
Theyâ€™re happy in Germany.
Theyâ€™re happy in Sweden.
Theyâ€™re happy in the USA and Canada.
Theyâ€™re happy in Norway and India.
Theyâ€™re happy in almost every country that is not Islamic.
Whom do they blame? Not Islam. Not their leadership. Not themselves.

They blame the countries they are happy in.
They want to change the countries theyâ€™re happy in, to be like the countries they came from where they were unhappy.",@normlieberman372,0,1745884800,False,
UgwcVO8cOipkhpGHZGN4AaABAg.AHGSrn-lI-wAHHjHAsQtZP,Ireland is the country that proved to me that there is such thing as stereotypically good nations. Guess which country proved to me the same thing about evil nations...,@abadran8174,0,1745884800,True,UgwcVO8cOipkhpGHZGN4AaABAg
UgzQQNCcfx8eouk-UFJ4AaABAg,Did you really have to blur out their knees? There's piety and then there's silliness...,@HT-xt4cn,0,1746489600,False,
Ugy_he9BLGCV_bPO31t4AaABAg,"As a foreign affairs analyst,  Linneker makes a great footballer ğŸ¤¡",@normlieberman372,0,1745884800,False,
UgxmgHg3EaggoezQ-PB4AaABAg,Why isnt there any muslims talking about saudi funding a genocide in sudan though ?,@irrelevantLowLife,0,1745884800,False,
UgxjFCRw1-4yC96s44B4AaABAg.AHGTOS4Mdw8AHGooRl4Utv,Free muslims from dictatorship,@atiqumar9544,0,1745884800,True,UgxjFCRw1-4yC96s44B4AaABAg
UgxNaFv0OuKoP_EeM354AaABAg,:3,@ilikeeatingitalianpeople4804,0,1745884800,False,
UgzEFgGixORf4sZbGyd4AaABAg.AHGWi7BouGXAHJ7TH90RLq,â€‹Â @VortexSahdeÂ   As a Kashmiri we will never surrender to Indian occupation or subjugation.,@ashaqhussain6902,0,1745884800,True,UgzEFgGixORf4sZbGyd4AaABAg
UgxRjM2KQ1aKVHPIpqt4AaABAg,BBC have been proven lying bios news not to be trusted,@waseemhussain7453,0,1745884800,False,
UgxtQDaE_RdVyrl90YZ4AaABAg,I remember Gary Lineker in 1986 world cup highest Goal scorer with 6 goals  and he scored 4 goals in the 1990 World Cup  ENGLAND LEDGEND the MAN has never recived a yellow card in his Proffesional career,@Avengers8232,0,1746489600,False,
UgwvNdGZQMkyfi4HOTd4AaABAg,"You chat too much let the clip play. Overall, BBC weren't impartial with Ukraine, Syria and Iraq. In fact stats show the BBC were the biggest promoters of the illegal invasion of Iraq and the BBC support Israel so they aren't impartial at all.",@DavidJohnson-dc8lu,0,1745884800,False,
UgxcM88WqlKXiY1k0Md4AaABAg.AHGWYwUbrfiAHGaF1WKU4U,Is this like a mandatory tax?,@phantomtr1,0,1745884800,True,UgxcM88WqlKXiY1k0Md4AaABAg
UgxcM88WqlKXiY1k0Md4AaABAg.AHGWYwUbrfiAHGb9GvJTbc,Â @phantomtr1Â itâ€™s not,@El_Negro2003,0,1745884800,True,UgxcM88WqlKXiY1k0Md4AaABAg
UgwcVO8cOipkhpGHZGN4AaABAg.AHGSrn-lI-wAHPS59S9qzU,â€‹Â @mouzzamahmad2171Â nice! North or South India?,@europe_transport,0,1745884800,True,UgwcVO8cOipkhpGHZGN4AaABAg
UgxcM88WqlKXiY1k0Md4AaABAg.AHGWYwUbrfiAHGbFhc82E3,"â€‹Â @phantomtr1Â No, you don't need it.",@mohammedsakib4025,0,1745884800,True,UgxcM88WqlKXiY1k0Md4AaABAg
UgxcM88WqlKXiY1k0Md4AaABAg.AHGWYwUbrfiAHGgmhLsiRZ,But why?,@animeproduction401,0,1745884800,True,UgxcM88WqlKXiY1k0Md4AaABAg
UgxcM88WqlKXiY1k0Md4AaABAg.AHGWYwUbrfiAHH5kiHNVrP,"â€‹Â @phantomtr1Â 
It's a licence for TV streaming (BBC, ITV, etc..)
There are alternatives nowğŸ¤·â€â™‚ï¸",@habiladam6363,0,1745884800,True,UgxcM88WqlKXiY1k0Md4AaABAg
UgzWM40mNsFbWTifmL94AaABAg.AHGRDCEvc7IAHGZPUurHUO,"Â @VortexSahdeÂ  they're quite literally not. They're the only ones fighting for the innocents.

You're not a Muslim.",@popkb,0,1745884800,True,UgzWM40mNsFbWTifmL94AaABAg
UgyOLKn6Mix-yDnFg7F4AaABAg,all the west media are clearly exposed as hypocrites and working as izraheck dogs...same as their government,@johnedward1852,0,1745884800,False,
UgzjM1lRd49ZK0pXwKF4AaABAg,Why is it always the Indian backstabbers that are supporting the zionist colony in their crimes against humanity?,@theo7326,0,1745884800,False,
UgzWM40mNsFbWTifmL94AaABAg.AHGRDCEvc7IAHGWSG3kgOj,"As a muslim i agree , Hamas is also a part of the problem",@VortexSahde,0,1745884800,True,UgzWM40mNsFbWTifmL94AaABAg
UgzZ6Z01bvn8RYN4Atd4AaABAg,It looks like your group will keep on using me till judgement day. It's your fight. I have nothing. Your group are no different than your opponent. All under the garb of Islam. I don't know who to say all these things directly.,@shayaneshaan2550,0,1745884800,False,
UgyXMqbyzOlFxgQbCll4AaABAg,What's the point?,@marvinbrando722,0,1746489600,False,
UgzqyQKHvIrFCOdemYh4AaABAg,"Molana Gucci 
Â£250
Yh?",@Nigel-Khan,0,1745884800,False,
Ugz_aWbZSaij133UL7J4AaABAg,"Brother Zeeshan, there is an islamophobic yt channel named Nabi Asli, please make a video about it â¤â¤â¤",@Muhammadain-w4p,0,1745884800,False,
UgxOhNd-lL2wrzn6np14AaABAg,"NEVER LOOK FOR VALIDATION FROM YOUR ENEMIES.
STOP BEING THE FOOL FOR ONCE.
THE WEST IS NOT A FRIEND",@marvinbrando722,0,1746489600,False,
UgzWM40mNsFbWTifmL94AaABAg.AHGRDCEvc7IAHGS3PKY64q,"You still have time, convert back to Islam",@Open_56,0,1745884800,True,UgzWM40mNsFbWTifmL94AaABAg
UgxTKYaaWr1snThUMYF4AaABAg.AHGVWMp8q3vAHGjFL_n9p9,Not sure why..he is known for that here in the UK. Even was in trouble with the BBC before for speakinf out against the government's disgusting treatments of immigrants â€‹Â @ABZINHO7Â ,@geennaam4576,0,1745884800,True,UgxTKYaaWr1snThUMYF4AaABAg
UgzXieJE1zfRXYGmMnl4AaABAg,"What you are watching is simply called ""internalize inferiority "" from this channel.
Anything that a Western person says kinda positive to Palestinians. This channel echoes it, as ultra is important ğŸ˜‚ğŸ˜‚ğŸ˜‚. 
So, the west plays them by positioning themselves as"" the good guy""...
And the Muslims believe it",@marvinbrando722,0,1746489600,False,
UgxTKYaaWr1snThUMYF4AaABAg.AHGVWMp8q3vAHGq224tojG,My bad bro. Its hard to know this stuff when everyone hides the truth all the time. The world only feeds liesâ€‹Â @jaspaltoor3486Â ,@ABZINHO7,0,1745884800,True,UgxTKYaaWr1snThUMYF4AaABAg
UgyEdEcF2vxXQKZp2bp4AaABAg,"Why are you so happy, Gary talk about it ?
What's the point?
By now, most people know what it is happening. 
You just don't want to admit that most of the west ""people "", agree wirh that genocide",@marvinbrando722,0,1746489600,False,
UgwFleYycoZ4cQTGiPV4AaABAg,The BBC is a big lying machine for a corrupt few.,@Way827,0,1745884800,False,
UgwcW9oWEvxbEt9fE8x4AaABAg,"All Israel needs is only a piece of ""autonomy land as what Vatican@Italy has. Peace and assalamualaiqum wmt",@mohdnorzaihar2632,0,1745884800,False,
Ugz1Wj5TrA_TNUWy6FF4AaABAg,Another one from the wobbler group. Do a video of your wobbler mate Ali incest dawah,@theultimateassasin,0,1745884800,False,
UgzAmauZR0qrL7N2N5R4AaABAg,No surprise when the Head of the Middle East desk is Jow,@michaelboero7789,0,1745884800,False,
UgxjFCRw1-4yC96s44B4AaABAg.AHGTOS4Mdw8AHKNIT3R9D1,Free terrorism? Look at Kashmir and what Muslims have done!!,@RishiPatel-q9l,0,1745884800,True,UgxjFCRw1-4yC96s44B4AaABAg
UgwCHzdmBO8WqHNh-rh4AaABAg,"Watch out Freinds of Israel will infiltrate every level of government and top institutions until they do Israel's bidding. The staunch zionists within the Freinds of Israel are weaving a sophisticated web of a TAKEOVER. Wake up people and stand for Truth, Justice, integrity and Loyalty to the Uk.. Keep United Kingdom independant (KUGI) of zionist zealots. if you don't it will have dire consequences for Democracy as we know it.",@s-cu4qv,0,1745884800,False,
UgwhWMkZfRbFQq_vdJx4AaABAg.AHGcml2K4bVAHGgoUcvh0E,Â @MiniMozo-o5xÂ   haha!,@user-us7el6ss2l,0,1745884800,True,UgwhWMkZfRbFQq_vdJx4AaABAg
Ugw2t7_TWbg4MAas8Yh4AaABAg,Amol Rajan tgos so called journalist is on the Zionist payroll,@OttomanWarriorWoman,0,1745884800,False,
UgwtSimaJsPsFJDJrf14AaABAg,Bullsht broadcasting channel at its best,@FugitiveRazor,0,1745884800,False,
UgwTBnp0pc0H4i2A9Cd4AaABAg,"Israelis killed hundreds of thousands, and the audacity to act like victims is just beyond me",@mdhaq7660,0,1745884800,False,
UgyP9qlmiVgspqp_Mjd4AaABAg,D,@pleaselogic251,0,1745884800,False,
UgzgvdKIJDE7CCXFUeh4AaABAg.AHH6J9A2HMfAHJYF6vR0mx,Â @tiktokviral6218Â  a fee to watch BBC -British Bullshit Channel lol,@fatiemaakther2368,0,1745884800,True,UgzgvdKIJDE7CCXFUeh4AaABAg
UgzgvdKIJDE7CCXFUeh4AaABAg.AHH6J9A2HMfAHHXhSb05k3,â€‹Â @tiktokviral6218Â You bots really think you can big brain your ğŸ‘ into every comment section huh?,@Thamazgha-tamurth-enegh,0,1745884800,True,UgzgvdKIJDE7CCXFUeh4AaABAg
UgzRpajCV7RBi2l0xnt4AaABAg,Bless you Gary â¤ Free Palestine ğŸ‡µğŸ‡¸,@JLOGIAC,0,1745884800,False,
Ugx3fsU7sXekctjdMZx4AaABAg,The interviewer is a clown. Gary knows that the BBC are absolutely shameless when it comes to watering down the horrible W@R Crimes committed by the IDF.,@luckphomma5108,0,1745884800,False,
Ugxl06O5ywJL9euNFcR4AaABAg,"Below are 20 separate informational sources that  can be very helpful and can save lives God willing: They are on YouTube.
 
Anyone can go from good to bad and vice versa so be cautious:
1.  Owen Jones Very Excellent.
2.  Sayed Mamud Very Excellent 
3.  Breezy Politics they have a video exposing children's surgeries being performed WITHOUT Anesthetic because of Isre hells embargo 
4.  The C J Willerman Show  good but he has made one video with consequences that  harm Muslms and Islm so be cautious of him.
5.  The Corbett Report Unofficial, Excellent,  Various subjects. 
6.  The Jimmy Dore Show Very Excellent but Jimmy makes the mistake of denying the imprsn mant of Mslms in China. He does this from misinformation that he received, not from malace or bad intention. His co-host can be Anti Islmic at times.
7.  The electronic intaf ada Excellent but i hope they will remember & mention Allah more.
8.  Mahmood OD Excellent.
9. Democracy Now Excellent Coverage on 
Pal  istne  
10.  Redacted Excellent source of information.
11. Derrick Broze Â Conscious Resistance
12.  Dr John Cambel Excellent, very caring and a very Important source of life saving Health information that can protect you and your family however; his views on religion are biased and he does not give enough attention to the Medical horrors facing Gaza, especially the children and babies.
13. Dr Eric Berg one of the Best, most caring and most Excellent and comprehensive sources of Life Saving Natural Health information with many hundreds of natural health solutions
14.  Dr Soneal Dhand is most caring and an excellent source of Life Saving Natural Health information.
15. Dr John Bergman, most caring and one of the Best and most Excellent sources of Life Saving Natural Health information.
16.  Whitney Webb is brilliant and genius at exposing corruption. 
17.  Martin Armstrong Brilliant Information and the best regarding economical and wor cycles. 
18. Dr.Sam, A Super Hero to protect us against poison meds
19. Motivationaldoc
Dr Mandell
20. Secular Talk. 

Friends, if you know of any additional sources of information that may help Mslms and all other people, please give them to us.
BBC
is
promoting
G
E
N
*
C
I
D
E

They are 
P
*
G
S
ğŸ·s",@ABDULRAHMAN-pu2lo,0,1745884800,False,
UgwBoxA9Fvn7RSlxmUB4AaABAg,He is a true father,@hamedrogers5478,0,1745884800,False,
Ugyw-9LZ1rN3f5-2WE94AaABAg,i know a guy in work who hates gary lineker .. i always wondered way .. turns our hes a n.ireland protestant . who used to be in the british army,@rabby77777,0,1745884800,False,
UgwbfNpGwtPBcKannh94AaABAg,"Obviously extreme hatred for Muslims by a Hindutva host, nothing new here",@rali5381,0,1745884800,False,
UgzsQiBLYWRZDT0FPRR4AaABAg,Every single member of the BBC board has ties to a particular political cult.  It takes a couple of hours of research to determine which one. They are complicit in GENOCIDE.,@pickeledminister317,0,1745884800,False,
UgyBH_2-qfJoUJAKOOt4AaABAg.AHHACuHd1bNAHLdp6FQs4M,A Hindu heritage from India name Amol Varadarajan Rajan,@MdJewelYamin-j8k,0,1745884800,True,UgyBH_2-qfJoUJAKOOt4AaABAg
UgwFOI7rsVvOEYYKfIR4AaABAg,This is not the first time Gary made a stand for Palestine.. he got backlash from z before they tried ruin him but he didnt care,@sofiakhan4580,0,1745884800,False,
UgwVuJqz_hKy7NWuaM54AaABAg.AHH60uOMMxlAHhrxbGyqqI,"I started 4 years now and every month they send warning letters, red envelopes, enforcement letters , warrant officers saying they will attend property, this time that time, last chances etc ğŸ–•ğŸ¿ all ignored, no need to let them know every 2 years they can suck on ğŸŒğŸ˜…",@samfreelance1422,0,1746489600,True,UgwVuJqz_hKy7NWuaM54AaABAg
UgwxXYm8Lerqi8t3_M54AaABAg,Make a difference with your pockets.. I did I cancelled my TV license ğŸ˜ŠâœŒğŸ½ğŸ‡µğŸ‡¸ğŸ‘ŒğŸ½ğŸ‡µğŸ‡¸,@louisemay8185,0,1745884800,False,
UgzXXOVIRcpOZj6ww854AaABAg,What a world we live in. We see liars right in front of our eyes everyday and they twist the facts so blatantly with such confidence just to appease their masters and sadly we canâ€™t anything about it. Such a cesspit these organisations are.,@faheemhayder8075,0,1745884800,False,
UgymUy4tjmYDEUIiEsl4AaABAg,The BBC host interviewing Gary is a brown man so Israel will never accept him anyways. His a sell out and thinks his one of them when in fact his brown face is just doing Israelâ€™s dirty work for them and then once his done they will kick his brown arse back to his country ğŸ˜…,@pearlsof5534,0,1745884800,False,
Ugx-j82n8j6BdCwYBQp4AaABAg,Brilliant,@michaelcarroll1221,0,1745884800,False,
UgxGWWTRYfC9Xg1NA9l4AaABAg,"Look at the facial expression of the host, as if he has seen life leaving him",@fatimaqureshi7786,0,1745884800,False,
Ugy8Y-km4Exa3nbT5vl4AaABAg,Garry is a great person.wellsaid man.,@Ayoubalsabir,0,1745884800,False,
UgzYz-amhQntYUt_VZd4AaABAg,ğŸ‘ğŸ‘ğŸ‘ğŸ‘,@omkhair4267,0,1745884800,False,
UgxKcA-iKfL--GpEMxt4AaABAg,Zinost control the media. But that's not the full context,@RumonSamad,0,1745884800,False,
UgwIClUnMo8YojOLvgp4AaABAg,Making a 7 min video about a 30 second clip,@karatekousins2647,0,1745884800,False,
UgxTwQA9z1KxOm5kMpx4AaABAg,"Thatâ€™s very true though!!! 
Forget being impartial being factual is way more important than",@mstar9248,0,1745884800,False,
Ugz1ANxKbWQ7gXPJI7F4AaABAg,6:45 mentioned guardian as biased towards Israel. It often comes across as Palestinian,@mikelesa,0,1745884800,False,
Ugx8RPqYJt0Bznagt914AaABAg,Bravo Gary â¤â¤â¤,@saleemmahomed5800,0,1745884800,False,
UgxBfNii75vkeJSjq7N4AaABAg,"Bro I think yt is shadow banning your videos, I have my notifications on but didnâ€™t receive it. And the amount of subscribers who have watched and the number of subscribers you have; there is a huge disparity between them. ğŸ˜¢",@learningexcellency9615,0,1745884800,False,
UgxkTwLh5A-efzzF4R14AaABAg,Lineker did a great job here. :),@veganliving6255,0,1745884800,False,
Ugxn9HyC-71NBaug43N4AaABAg,BBC exposed as a tool for apartheid propaganda,@Umer-,0,1745884800,False,
UgzfFNE6xBTVHecXvvh4AaABAg,"I truly appreciate the effort put into creating Smile 2 Jannah, and I enjoy watching it. However, there are instances where the reactions feel a bit exaggerated, which can be overwhelming at times. I hope you consider this feedback positively, as I genuinely value the content you produce!",@Milesandsmileforever,0,1745884800,False,
Ugz92k-Re7n2IKTR54l4AaABAg,And you wearing Gucci cap??,@queenofshiba9959,0,1745884800,False,
UgyQF19RoulMR10rCPR4AaABAg,yorum,@bodoslama3567,0,1745884800,False,
UgzwqB9jSPWD7KVxe4V4AaABAg,AMOL RAJAN IS HIS NAME,@faceplants599,0,1745884800,False,
UgxfgTI3mRO85YoV4yN4AaABAg,blurring out the shorts of football players of the funniest I've seen this year.,@chozusmakavelli,0,1745884800,False,
UgzAh7lJ4T0RFoOO8D94AaABAg,Such a zionist ğŸ˜¡,@SamayRajib-h2h,0,1745884800,False,
UgycKCXrbEF3AX3lJuJ4AaABAg,can you please talk about the current situation going on in india how they are threatening us kashmiri muslims after 30indians were killed by terrorists but theyâ€™re threatening us innocent Kashmiri muslims,@arsalanxiety.,0,1745884800,False,
UgygVSRQ_2lMhi7MvR54AaABAg,Where can we watch the full video,@Usman-i9c,0,1745884800,False,
UgxTtrDtrHJr9JoxDWJ4AaABAg,Every Empire has its last day,@abuumar187,0,1745884800,False,
UgxTtRAmaS-9ghU05Cp4AaABAg,Israel has been destroying Gaza for the last Forty years shocking ğŸ˜®ğŸ˜®,@jimmygregg7680,0,1745884800,False,
UgxCGFMIi7EUTVwhNQV4AaABAg,Never watch this pro Israel BBC.,@RonaldGeaganGolberg-t3i,0,1745884800,False,
Ugw2N0O84ehAO3n-scR4AaABAg,"Well well well... the truth is like a sun. No matter how you try to hide, it will shine âœ¨ï¸ anyway!",@misterz5908,0,1745884800,False,
UgznEV41H-hlAWGsjCR4AaABAg,Amol. You weasel,@EmJayAye,0,1745884800,False,
UgzipnXUGN2_BzXjg714AaABAg,Stop promoting the stooge called Ali Dawah. Heâ€™s a uneducated tool of the Wahabi scourge,@activemeasures6251,0,1745884800,False,
UgwOW8z72SBgApK7lLB4AaABAg,Gary is a humanitarian with a beautiful moral compass. I salute his courage and bravery for standing by his beliefs.,@tylerelajazz8289,0,1745884800,False,
UgxNfVnMaDHiQ_Uktl94AaABAg,"Idk, is he really saying this now because he has beef with the BBC? Remember when the world Cup happened in Qatar he was making a mockery of the Muslims and he really was insulting the thobe that was being placed on Messi when he won the world Cup, so idk tbh.",@TeeLion,0,1745884800,False,
UgzP-7HH8cMo03X26Dh4AaABAg,"Where are all the reaction videos from so called Dawah people on pahalgam terror attack. 

No surprises!!!",@SameerAli-mw8kp,0,1745884800,False,
Ugx-PfLPD3bkHl9BVKZ4AaABAg,"God bless Gary for exposing this blattan hypocrisy. 

Big hope to him for saying the truth Irrepsct of BBC",@abumusa5913,0,1745884800,False,
Ugxh-uW4LX1SVn3iuKZ4AaABAg,This is why i refuse to watch anything bbc related and refuse to pay the tv licence. First red flag is how its a apparent crime to not pay for it. The rest is just seasoning on top,@itsamemo9632,0,1745884800,False,
Ugxy-VSLUWjEtdBHcot4AaABAg,"Address the Pahalgam attack. It cannot always be a one sided viewpoint about atrocities committed in India towards muslims, sometimes, in order to maintain journalistic integrity, try covering the multiple instances of atrocities committed by muslims in India such as Pahalgam",@DarthVader-s9i,0,1745884800,False,
UgzgpE2y1AalakhxxM94AaABAg,"Not a fan of Lineker because of his bias against Islam/Muslim, I guess he had enough .",@xAce8,0,1745884800,False,
UgyX9rbGeQIWWaEqTFl4AaABAg,What the F is a revert in islam or a revert muslim there is nothing such exist in islam either u R a muslim or u r not . There is no reversion policy in islam,@Tabish-h3m,0,1745884800,False,
UgxJI-iFyuPYj0Rs5XB4AaABAg,ğŸ†“ğŸ‡µğŸ‡¸ğŸ‡µğŸ‡¸ğŸ‡µğŸ‡¸ğŸ‡µğŸ‡¸,@MohamedIbrahim-vx3qt,0,1745884800,False,
UgzA6QH7wsRKoZGj3cZ4AaABAg,"""Raffi"" and ""Berg"" in one name. Doesn't get more m0$sad than this.",@abadran8174,0,1745884800,False,
Ugx1-aTvdWAteAjJaPF4AaABAg,"Where's the original interview? Can't find it, did bbc removed it or something?",@pavelrahman4233,0,1745884800,False,
UgyFZWk5Wms45qqkYiR4AaABAg,Bbc is in a mess. I'm glad I canceled my license,@ruhail1,0,1745884800,False,
Ugwib5sHN_OwfVIIYVV4AaABAg,"The BBC must have required an incredibly flexible spine to censor criticism of our corrupt, bigoted politicians and state allies who commit crimes against humanity, as well as suppress legal evidence they possessed of the serial sex offending celebrities whom  they employed for decades; all funded by public money and allegedly in the name of impartiality.

BTW it's a pity to see how low Amil Rajan has stooped, from being a Channel 4 Journalist to a smarmy BBC Yes-man.",@sammihaka2056,0,1745884800,False,
UgyYEdAR4RPw4vxwphl4AaABAg,"Stop talking so much,",@IbrahimSulaimani-b4s,0,1745884800,False,
UgwYBoyEL3Tud68Z4Zh4AaABAg.AHHNCXhh3tdAHHTky1db9H,"53 UAE Muslim countries not enough for you.
But only 1 Isreal- You're the jealous scum with an infiority complex.",@TolietConniseuer,0,1745884800,True,UgwYBoyEL3Tud68Z4Zh4AaABAg
UgzBFpVWnXEogdHDkS14AaABAg,"In regard to Palestine, It is critical that we meticulously document every event, atrocity, statement, tweet, action, violation, double standard, lie, news coverage/headline/report, any statements influencers/celebs (like Jared Kushner/Dr Phil/Van Jones/Ben Shapiro/Patrick Bet-David/Jordan Peterson/Donald Trump jr/Peter Thiel/Justin Bieber statements theyâ€™ve made/tweets) and war crime on a dedicated website in regards to Palestine, show everything happening in Gaza and the West Bank by the IDF. Something like a time capsule/archive/database site/online museum where we show as much proof as possible. We need an alternative to social media and mainstream news (both which is heavily censored and will continue to be). Not everyone gets information the same way (still many rely on msm/news headlines/social media). We need a platform that canâ€™t be censored and where we can show all the truth unfiltered. People need to see the atrocities. Tracking every IDF power tripping/committing war crimes clips, every Israeli/American politician statement/quote/tweet/action (ex. John Fetterman/Brian Mast/as many as we can find/Why Trump pardoned Aviem Sella and Pollard/every AIPAC politician). ALL OF IT. Before and after October. We can't afford to underestimate how much people don't know, are unaware or understand about these issues and thereâ€™s so much context we might be missing to see, so better to organize all of itâ€“ we need to preserve a comprehensive record of as much proof as possible. We canâ€™t afford Iraq/Afghanistan war like ignorance anymore, we have to spread as much awareness as we can. Please save everything you find, encourage others to as well. Social media will be censored soon. 

Imagine if people can see old news coverage during the Iraq or Afghanistan war. We can see all the lies they told in hindsight and see the same patterns used today. We can see what the media was saying back then to gaslight us, which reporters (who probably got promoted now) were pushing propaganda and overall show Americans past lies that they can see are being used today. 

Show every proof and atrocities before October. Ignore the bots and keep saving as much proof as you can find!! Please spread this, We will see censorship increase, we can't trust social media/msm or even cloud storage. Make this like a BDS like movement!! Encouraging people to save everything they find will go a long way. Make your own post like this!  Please reach out to organizations/influencers/pages anyone who can spread this!! We need the same for Iraq/Libya/Afghanistan/Syria as well.

We need a whole database of proof they can visually see! An interface with all blatant lies/war crimes Israel has done organized, on an easy interface (maybe a TikTok/Youtube short like interface) would help. Don't underestimate how much people are unaware/misinformed. Not everyone gets info the same way and remember all major social media/msm platforms are run by Zionists (it is what it is) so algorithms can be changed in anyway, it's not organic as it used to be. If MSM is lying/leaving out context don't expect to have faith in them to tell you truths moving forward, in fact they will likely try to move on as fast as they can, look at how many massacres/context they deliberately ignore, algo on social media isn't organic and the reason why they are going hard on censorship is because they plan on doing worse to the Gazans (likely a Nakba 2.0). Keep speaking out and wake up Americans!Imagine if students/protestors/human rights activists/journalists/anyone all collabed on something like this! It can help in the long term!! I have about 3000+ videos saved, who/what organization would be good to reach out to?",@gmallory,0,1745884800,False,
UgwkiN22k3sbH0vIccd4AaABAg,"There will always be allies of other faiths will fight alongside Muslims for Palestinian rights, whether they be Shia, Christian, Jewish or even an atheist.

Yes, especially the non-believers, who do not believe in Allah swt, still have moral clarity, & dignity, to defend our brothers & sisters from hate & genocide by our enemies.

May Allah swt bless us with more allies & friends from different faiths; and give guidance & forgiveness even to those who don't believe in him, but is willing to defend Muslims.",@gollygoshyouthink3440,0,1745884800,False,
UgwkiN22k3sbH0vIccd4AaABAg.AHHKzGiW6HnAHHZYZYmDf0,"Shias aren't allies though. Their own narrations state that they will collab with huds who will (obviously they don't mention the name of their actual leader but all the discriptions point towards him) according to themselves fight together against muslims. 

Just cause they're pretending to care right now doesn't change these facts. They will join the army of dajjal and will taste the same defeat as him inchaAllah. Their true colors will peak through sooner or later. You just have to wait for it. Their books state that (pseudo version) of what they claim to be the mahdi will even ğŸ”¥ the b o d i e s of 2 out of the 4 rightious caliphs astaghfirullah! And destroy the Ka'abah a'udhubillah! You can read and fact check this in books such as Al Kafi and a few more.",@Thamazgha-tamurth-enegh,0,1745884800,True,UgwkiN22k3sbH0vIccd4AaABAg
Ugxtg4wESrMfmi3MJEB4AaABAg,"O no Brother,again with that Guchi Muchi,show respect to your audience please",@hasansattorov3989,0,1745884800,False,
Ugza38LPG4ys8APyfMF4AaABAg,"The Anglo establishment is desperate to protect their proxy in the middle east. Free Palestine, Shame Britian",@aalassadi3844,0,1745884800,False,
Ugw5QojDa2XslPvzoBZ4AaABAg,â¤â¤,@SHAIKTAUSEEFARREHMAN,0,1745884800,False,
Ugz7ZoHEhzAJMwziEjx4AaABAg,Gary the great!!! He is just speaking up against a holocaust as we all should do!!! We need to stop the natztzis of our time. Simple,@IIst-or4mt,0,1745884800,False,
UgzYLlLNETk3f__WiXV4AaABAg,Emotional damage,@stevehealy7504,0,1745884800,False,
UgxbCThS6LACf2vakih4AaABAg,stop paying the tv licence,@boredalchemist,0,1745884800,False,
UgzH4yKGv3yQSI4aKWh4AaABAg,Well done gary ğŸ‰,@supermario2080,0,1745884800,False,
Ugx2sE3rbw35tujfTbB4AaABAg.AHGn01hFdTyAHq6A9wN2L_,He a hindu. They would sell their mother to be in favour of white man..oh wait that is what they did,@nav01nav,0,1746748800,True,Ugx2sE3rbw35tujfTbB4AaABAg
UgyqGt5emP87RIoDCdh4AaABAg.AHJfVfMFfDSAHLaJipKMMe,"I strongly agree with you.
God's people are strong. 
Godless Zionist is weak & coward. 
Sucking is their only quality.",@MdJewelYamin-j8k,0,1745884800,True,UgyqGt5emP87RIoDCdh4AaABAg
UgyOuFMTmnj1TFrjIEB4AaABAg.AHGlEsylcpvAHGrhXc_5vj,I agree as a muslim,@nowfarhan,0,1745884800,True,UgyOuFMTmnj1TFrjIEB4AaABAg
UgzSORh_M9XMyET3erd4AaABAg,Why and how can one justify Genocide of Palestinians and the ethnic cleansing which Zionist settlers have been doing seen 1940s. Nothing compares to what happened to the Palestinians during Nakba.,@syedmohammedali6377,0,1745884800,False,
UgwO60BU_XOGEKJmBid4AaABAg,"Assalaam brothers. In UK, PLEASE boycott dirty scumb bags BBC !",@obaidafzal818,0,1745884800,False,
UgwraiVns_yfl_2vZ8t4AaABAg,Quite funny yours and Ali dawhas matching chav caps in today's videos. I wonder what the underlying message is ğŸ§¢ğŸ§¢ğŸ§¢,@unknownABQ,0,1745884800,False,
Ugx2sE3rbw35tujfTbB4AaABAg.AHGn01hFdTyAIEhEFRCKwI,Yup backwards just like the prophet (SAW) said about the end times itâ€™s ironic that Islam teaches us no race is superior over the other and this white man is a parable of the one who speaks the truth even if itâ€™s against himself is a man with far more value in the eyes of Allah and his Rasool than people of dunya.,@sarmooriginal8158,0,1747612800,True,Ugx2sE3rbw35tujfTbB4AaABAg
Ugx2sE3rbw35tujfTbB4AaABAg.AHGn01hFdTyAHI739gvEl1,Some indian slave mentality,@MacdunalduMac,0,1745884800,True,Ugx2sE3rbw35tujfTbB4AaABAg
UgwlFNnf29Me-iKIuUh4AaABAg.AHGnXz_R72rAHHCPU06zam,the chinese too and even christians africans..so brainwashed!,@onli567,0,1745884800,True,UgwlFNnf29Me-iKIuUh4AaABAg
Ugx2sE3rbw35tujfTbB4AaABAg.AHGn01hFdTyAHHJG1XNK0b,"The interviewer Amol something is of Bharati ğŸ‡³ğŸ‡ª or so called 'Indian' origin and that country's been supporting Palestinian genocide since Oct 7! It is best friends with ğŸ‡®ğŸ‡±.  

His country  ğŸ‡³ğŸ‡ª also illegally occupies the Muslim land of Jammu & Kashmir since Oct 1947. It's oldest unresolved international dispute at the UN, a year before the theft of Palestine nakba! 

IOF ğŸ‡®ğŸ‡± and ğŸ‡³ğŸ‡ª train together in occupied Muslim Kashmir and swap occupation and genocide tactics. Both share hatred for  Muslims and Islam and are natural allies. 

Bharat ğŸ‡³ğŸ‡ª massacres  Kashmiris boys and young men daily,  systemically rapes their women has started  demolishing Kashmiri  Muslim homes since 2016. 

Odious Bharati ğŸ‡³ğŸ‡ª settlers are stealing  Muslim Kashmiri  lands just like the demonic  ğŸ‡®ğŸ‡± settlers in the Occupied West Bank. 

ğŸ‡³ğŸ‡ª's  been changing the demography of Kashmir by slow genocide, r*pe, torture, plunder, media blackout, economic strangulation just like ğŸ‡®ğŸ‡±.  

There are several UN resolutions demanding a plebiscite of self determination for Jammu & Kashmir which was never ğŸ‡³ğŸ‡ª's. Ditto ğŸ‡®ğŸ‡± 

This  interviewer used to write in The Independent and always used to be hateful towatds Muslim Pakistan 

So when he defends ğŸ‡®ğŸ‡± occupation  and genocide of Palesti_nians, he's defending his country ğŸ‡³ğŸ‡ª's  same  occupation and genocide in Muslim Kashmir.",@YourHonor-h1v,0,1745884800,True,Ugx2sE3rbw35tujfTbB4AaABAg
Ugx2sE3rbw35tujfTbB4AaABAg.AHGn01hFdTyAHHEbrJOsn0,I mean how far can Indians really run $$$$,@dragonballzeee,0,1745884800,True,Ugx2sE3rbw35tujfTbB4AaABAg
Ugx2sE3rbw35tujfTbB4AaABAg.AHGn01hFdTyAHGy1M6Ez0W,End of times... not all brown men support whats happening with the resistance in Palestine.. all you need to do is look at the Coconuts and Hindutva bunch... ultimate boot lickers for the Zionazis.,@KingRapz13,0,1745884800,True,Ugx2sE3rbw35tujfTbB4AaABAg
UgzdXhJn1mIocwxSFAt4AaABAg.AHGnCxxrOcvAHLANrrjt-r,He is not a so called Muslim. He's a Bindu,@jjassy752,0,1745884800,True,UgzdXhJn1mIocwxSFAt4AaABAg
UgzdXhJn1mIocwxSFAt4AaABAg.AHGnCxxrOcvAHH5G563TPR,"No. I disagree....billions around the world, Muslims AND non Muslims are enraged. Many are supporting thru protests, boycotts and social media.
Many ways of fighting without a gun. No shame on any Muslims except the Middle Eastern monarchies....they're all eunuchs.",@Moonwalker379,0,1745884800,True,UgzdXhJn1mIocwxSFAt4AaABAg
UgwlFNnf29Me-iKIuUh4AaABAg.AHGnXz_R72rAHNd6BYw2YS,Idol worship corrupts the soul and heart.,@17dragoncut,0,1745884800,True,UgwlFNnf29Me-iKIuUh4AaABAg
UgyZqP1JhRYIc20ucXZ4AaABAg,"The Quran says a few people did some scripture corrupting. 
The Muslims say all the scripture was corrupted all over the world so they can hold on to their bullshit. We have to believe our true scripture is gone to make way for the khara kulb Quran",@KommentsKing,0,1745884800,False,
UgxztGUPHGtDYyVwob14AaABAg,Mohammed Hijabs best friend,@AbdulRehman-hm5do,0,1745884800,False,
UgzgsQ_HNL9y3D7Jf4t4AaABAg,"Gary's WAR CRIMINALS complicit &  remember anti   QATAR WC  etc too 
.  DESPERATELY  pr  or as usual  too make look GOOD  az usual  scripted  too &  peasant rich getting richer as ğŸ˜‚",@PlaystationRules-m3v,0,1745884800,False,
UgwRn-woC0-9U1ooPKZ4AaABAg,All  WAR CRIMINALS  complicit  & no   brain's as  usual  & all islamophobic radicalised  too  or edl.ğŸ˜‚,@PlaystationRules-m3v,0,1745884800,False,
UgzxV_m-vG4vcURdvvl4AaABAg,"Is Gary about to redeem himself? What has happened here? Very interesting. He will disappear from the media, watch this space. The truth will set us free.",@NumericCubic,0,1745884800,False,
UgyN1PJWAGU1pqYd7zN4AaABAg,"I don't even have a tv cable, I'm so sick of this force pushed false information propraganda about the Palestinians they are wayyyy more innocent then the Israelis.

Free Palestine!!!!ğŸ‡µğŸ‡¸",@butternutyeeetsbanana.-.5389,0,1745884800,False,
UgwuRdvfkH8zaUqYYyh4AaABAg.AHGhm87D6AOAHKiFRFvJgm,"You mean BBC TV licence fee ( Tax) a British propaganda channel, Muslim community is so consumed by this broadcaster all over the globe as if this organisation is propagating some holy truth.",@doosra95,0,1745884800,True,UgwuRdvfkH8zaUqYYyh4AaABAg
UgxW430vDaVAafa1se14AaABAg,BBC is a mess. Supporting zanist entity against humanity.,@abdusaziz1266,0,1745884800,False,
UgyjPciC4S7utw8Rdgx4AaABAg,Every time I watch one of these vids I get an uncontrollable urge to reach into the internet and stroke his beard lol,@MiniMozo-o5x,0,1745884800,False,
UgwX7cL90Cs8ZVZ91bl4AaABAg,"Stop paying TV licence... you are paying for Israel propaganda..
BBC is a propaganda machine. Bunch of liars and criminals ...",@Yiisiif19,0,1745884800,False,
UgyndoY3YiMi0pA8fl54AaABAg,"500,000",@user-cp7gh8zj6b,0,1745884800,False,
Ugykj_yrcA8zcgevKU94AaABAg,Minorities supporting israel in flabbergasting,@kashmir7952,0,1745884800,False,
UgwvkpdmNXsVqPEp1cJ4AaABAg,Gary Linekers intelligence is and was way uboove these stupid journalists,@zinadinecaan3218,0,1745884800,False,
UgzFEMzGv5l3iTSwaZ94AaABAg,Genocide facilitating media!,@joshuakampamba9061,0,1745884800,False,
UgwbwSEleHj8horXuVV4AaABAg,"Bombo!!!!!

Free Palastine",@RudeGyall,0,1745884800,False,
UgyKd78zVMkmKagwXIx4AaABAg,"Gary is great, bbc guy is pundek!",@fadzlyag2700,0,1745884800,False,
UgzQtNFKLV-Nq6UdZN54AaABAg,"ÙˆÙÙ„ÙÙˆÛ¡ ØªÙØ±ÙÙ‰Ù°Ù“ Ø¥ÙØ°Û¡ ÙŠÙØªÙÙˆÙÙÙ‘ÙÙ‰ Ù±Ù„Ù‘ÙØ°ÙÙŠÙ†Ù ÙƒÙÙÙØ±ÙÙˆØ§Ù’ Ù±Ù„Û¡Ù…ÙÙ„ÙÙ€Ù°Ù“Ø¦ÙÙƒÙØ©Ù ÙŠÙØ¶Û¡Ø±ÙØ¨ÙÙˆÙ†Ù ÙˆÙØ¬ÙÙˆÙ‡ÙÙ‡ÙÙ…Û¡ ÙˆÙØ£ÙØ¯Û¡Ø¨ÙÙ°Ø±ÙÙ‡ÙÙ…Û¡ ÙˆÙØ°ÙÙˆÙ‚ÙÙˆØ§Ù’ Ø¹ÙØ°ÙØ§Ø¨Ù Ù±Ù„Û¡Ø­ÙØ±ÙÙŠÙ‚Ù
Wa law taraaa iz yatawaf fal lazeena kafarul malaaaâ€™ikatu yadriboona wujoohahum wa adbaarahum wa zooqoo â€˜azaabal hareeq
And if you could but see when the angels take the souls of those who disbelievedâ€¦ They are striking their faces and their backs and [saying], â€œTaste the punishment of the Burning Fire.
If thou couldst see, when the angels take the souls of the Unbelievers (at death), (How) they smite their faces and their backs, (saying): â€œTaste the penalty of the blazing Fire-
Ø°ÙÙ°Ù„ÙÙƒÙ Ø¨ÙÙ…ÙØ§ Ù‚ÙØ¯Ù‘ÙÙ…ÙØªÛ¡ Ø£ÙÙŠÛ¡Ø¯ÙÙŠÙƒÙÙ…Û¡ ÙˆÙØ£ÙÙ†Ù‘Ù Ù±Ù„Ù„Ù‘ÙÙ‡Ù Ù„ÙÙŠÛ¡Ø³Ù Ø¨ÙØ¸ÙÙ„Ù‘ÙÙ€Ù°Ù…Ù– Ù„Ù‘ÙÙ„Û¡Ø¹ÙØ¨ÙÙŠØ¯Ù
Zaalika bimaa qaddamat aideekum wa anal laaha laisa bizallaamil lil â€˜abeed
That is for what your hands have put forth [of evil] and because Allah is not ever unjust to His servants.â€
ÙƒÙØ¯ÙØ£Û¡Ø¨Ù Ø¡ÙØ§Ù„Ù ÙÙØ±Û¡Ø¹ÙÙˆÛ¡Ù†Ù ÙˆÙÙ±Ù„Ù‘ÙØ°ÙÙŠÙ†Ù Ù…ÙÙ† Ù‚ÙØ¨Û¡Ù„ÙÙ‡ÙÙ…Û¡Ûš ÙƒÙÙÙØ±ÙÙˆØ§Ù’ Ø¨ÙÙ€Ù”ÙØ§ÙŠÙÙ°ØªÙ Ù±Ù„Ù„Ù‘ÙÙ‡Ù ÙÙØ£ÙØ®ÙØ°ÙÙ‡ÙÙ…Ù Ù±Ù„Ù„Ù‘ÙÙ‡Ù Ø¨ÙØ°ÙÙ†ÙÙˆØ¨ÙÙ‡ÙÙ…Û¡Ûš Ø¥ÙÙ†Ù‘Ù Ù±Ù„Ù„Ù‘ÙÙ‡Ù Ù‚ÙÙˆÙÙŠÙ‘Ù Ø´ÙØ¯ÙÙŠØ¯Ù Ù±Ù„Û¡Ø¹ÙÙ‚ÙØ§Ø¨Ù
Kadaabi Aali Firâ€™awna wal lazeena min qablihim; kafaroo bi Aayaatil laahi fa akhazahu mul laahu bizunoobihim; innal laaha qawiyyun shadeedul â€˜iqaab
[Theirs is] like the custom of the people of Pharaoh and of those before them. They disbelieved in the signs of Allah, so Allah seized them for their sins. Indeed, Allah is Powerful and severe in penalty.
ÙˆÙÙ‚ÙØ¶ÙÙŠÙ’Ù†ÙØ§Ù“ Ø¥ÙÙ„ÙÙ‰Ù° Ø¨ÙÙ†ÙÙ‰Ù“ Ø¥ÙØ³Ù’Ø±ÙÙ°Ù“Ø¡ÙÙŠÙ„Ù ÙÙÙ‰ Ù±Ù„Ù’ÙƒÙØªÙÙ€Ù°Ø¨Ù Ù„ÙØªÙÙÙ’Ø³ÙØ¯ÙÙ†Ù‘Ù ÙÙÙ‰ Ù±Ù„Ù’Ø£ÙØ±Ù’Ø¶Ù Ù…ÙØ±Ù‘ÙØªÙÙŠÙ’Ù†Ù ÙˆÙÙ„ÙØªÙØ¹Ù’Ù„ÙÙ†Ù‘Ù Ø¹ÙÙ„ÙÙˆÙ‘Ù‹Û­Ø§ ÙƒÙØ¨ÙÙŠØ±Ù‹Û­Ø§ Ù¤
And We warned the Children of Israel in the Scripture, â€œYou will certainly cause corruption in the land twice, and you will become extremely arrogant.
ÙÙØ¥ÙØ°ÙØ§ Ø¬ÙØ§Ù“Ø¡Ù ÙˆÙØ¹Ù’Ø¯Ù Ø£ÙÙˆÙ„ÙÙ‰Ù°Ù‡ÙÙ…ÙØ§ Ø¨ÙØ¹ÙØ«Ù’Ù†ÙØ§ Ø¹ÙÙ„ÙÙŠÙ’ÙƒÙÙ…Ù’ Ø¹ÙØ¨ÙØ§Ø¯Ù‹Û­Ø§ Ù„Ù‘ÙÙ†ÙØ§Ù“ Ø£ÙÙˆÛŸÙ„ÙÙ‰ Ø¨ÙØ£Ù’Ø³ÙÛ¢ Ø´ÙØ¯ÙÙŠØ¯ÙÛ¢ ÙÙØ¬ÙØ§Ø³ÙÙˆØ§ÛŸ Ø®ÙÙ„ÙÙ€Ù°Ù„Ù Ù±Ù„Ø¯Ù‘ÙÙŠÙØ§Ø±Ù Ûš ÙˆÙÙƒÙØ§Ù†Ù ÙˆÙØ¹Ù’Ø¯Ù‹Û­Ø§ Ù…Ù‘ÙÙÙ’Ø¹ÙÙˆÙ„Ù‹Û­Ø§
When the first of the two warnings would come to pass, We would send against you some of Our servants of great might, who would ravage your homes. This would be a warning fulfilled.
Ø§Ù„ÙƒÙ„ Ø£Ø³Ø¯ Ø§Ù„Ù„Ù‡ Ø§Ù„Ø­Ù…Ø¯Ù„Ù„Ù‡ Ø­Ø³Ø¨Ù†Ø§ Ø§Ù„Ù„Ù‡ ÙˆÙ†Ø¹Ù… Ø§Ù„ÙˆÙƒÙŠÙ„ Ù„Ø§ Ø­ÙˆÙ„ ÙˆÙ„Ø§ Ù‚ÙˆØ© Ø¥Ù„Ø§ Ø¨Ø§Ù„Ù„Ù‡ Ø­Ø³Ø¨Ù†Ø§ Ø§Ù„Ù„Ù‡ ÙˆÙ†Ø¹Ù… Ø§Ù„ÙˆÙƒÙŠÙ„ Ø§Ù„Ù„Ù‡Ù… Ø£ØºØ«Ù‡Ù… ÙŠØ§ Ø±Ø¨ Ø§Ù„Ù„Ù‡Ù… Ø§Ù†ØµØ±Ù‡Ù… ÙŠØ§ Ø±Ø¨",@Attiqa1-m7t,0,1745884800,False,
UgwlFNnf29Me-iKIuUh4AaABAg.AHGnXz_R72rAHIEI0_JJk-,Hey that's not fair bruh. Have some respect. Haven't we learn that the hard way as muslims??,@VolatileHunter2,0,1745884800,True,UgwlFNnf29Me-iKIuUh4AaABAg
UgwlFNnf29Me-iKIuUh4AaABAg.AHGnXz_R72rAHH61CpsK1Y,"The HINDU Indians (I'm an Indian Muslim, so you have to be specific here) hate the Muslims, and as evil attracts evil, it's natural for them to group together.",@habiladam6363,0,1745884800,True,UgwlFNnf29Me-iKIuUh4AaABAg
UgyXyuSSqD_Uv8CEOeF4AaABAg,I know BBC.. 11 inches is crazy.... 5 or 6 inches is reasonable and avarage.. ğŸ˜ŠğŸ˜Š,@izansarip9268,0,1745884800,False,
UgyNSeG83umyIm9FiMF4AaABAg,"Both  jailed  &      especially  uk WAR CRIMINALS  to RAPES CULTURAISM f  endlessly BEGGARS thieves/PIRATES DRUGS WARLORDS to DEBT  etc. 

Fake weaponized of mass destruction to acme BOMBINGS etc..  spread  DESPERATELY  islamophobic, hate  dehumanization   ARAB ARAB muslims    migrants  etc  az usual too   or laughing NAZI'S diaper of the world's to no TOILETS f",@PlaystationRules-m3v,0,1745884800,False,
UgxLlFQW9RemVTp9FOx4AaABAg,They want you to hate the white man while MANY white people have opposed z10nism for years,@flamegrilledribeye,0,1745884800,False,
UgzAo8K__Aibgo_k-8V4AaABAg,"Gary was right! BBC was pressured by the Israeli lobby.
Allah says in the Quran if you are forced to do something and the sin is not upon you",@VoiceSriLanka,0,1745884800,False,
Ugy2-JkYDkliM_bUBpt4AaABAg.AHJAc9jSzvlAHKJbzP5eaf,Zionist indoctrination + moral bankruptcy is a potent combination.,@kylemunroe2133,0,1745884800,True,Ugy2-JkYDkliM_bUBpt4AaABAg
UgyibETjC43W6FmbR1h4AaABAg,Great video,@Akram_Ibrahim,0,1745884800,False,
UgzRV-cmYygG1sqYgv94AaABAg,Chapeau,@shus5787,0,1745884800,False,
UgzVozZuUbJffQ_AKQt4AaABAg,Great video,@Akram_Ibrahim,0,1745884800,False,
Ugx5tvkn_Tx8GChlJgF4AaABAg,So he is Antisemitic now,@hamzakhanjadoon6298,0,1745884800,False,
UgxmXKZkT3WP4WBPWcd4AaABAg.AHJJJlJEWwZAHOFpLjbnrF,What does Gary say about growing gangs ?,@terryjross1184,0,1745884800,True,UgxmXKZkT3WP4WBPWcd4AaABAg
UgwSI1EvMueBGzXlVwB4AaABAg,Props to Lineker,@EliteAngelofHeaven,0,1745884800,False,
UgzVwUCSej0p9j-9RYV4AaABAg,"why is there always a indian, when it comes to defending zio-land?",@FzsHotDogInDonut,0,1745884800,False,
Ugy1QsMBtUBN0gNRImB4AaABAg,Garey when he came back qadir football wold cup. He  become coll   my be he have some Muslim friends  l like this Garey,@abdulqadrmohamedAhmed,0,1745884800,False,
Ugy4pJx_ruf3oBYKSUJ4AaABAg,"gary's respect and honour 1000,000,000,000% X'd",@lordm1970,0,1745884800,False,
Ugzs7ZaTHTk4FzmmtJ94AaABAg,"you don't need to pay tv license tell them you watch netflix and youtube, you don't watch tv or bbc or any of the old out dated channels, call them and do it today and they won't bother you for 2 years. 2 years later when they call back tell them not to call again as you won't ever be watching any tv channels. 
we do not pay tv license, 4 years now :) your welcome",@lordm1970,0,1745884800,False,
UgxHjZDr-3AKSjXvxqd4AaABAg,Gary Lineker ğŸ‘ğŸ¼ğŸ‘ğŸ¼ğŸ‘ğŸ¼ğŸ‘ğŸ¼,@waqaralikhan2281,0,1745884800,False,
Ugy1F0ByHBZZvoVbG094AaABAg,"The truth is not difficult, it has to be the moral and obvious choice",@wasifhasani1087,0,1745884800,False,
Ugx5ofho9-4ODp0L_R14AaABAg.AHHHymwJCm6AHOC0ulXgXf,Â @smiletojannahÂ  May Allah grant more people to gain the opportunity to donate,@noobility,0,1745884800,True,Ugx5ofho9-4ODp0L_R14AaABAg
UgxQ2gnIzX7uub-IMBR4AaABAg,legend,@johnjohnson-h4h,0,1745884800,False,
Ugwj5aceWsxpP7qRIUh4AaABAg,good work,@youtubezensiert202,0,1745884800,False,
Ugw-Sv2Rgcjxw3ZkfNh4AaABAg,A true England great. Thank you Mr Lineker for your Humanity. Thanks for being a arse likkker Mr Amol,@shabiramin5681,0,1745884800,False,
UgzyD3-C8sAQ37asxhB4AaABAg,Brother zeeshan itâ€™s looking quite grim in Pakistan also looks like India are going to do a full scale war there if you could do a video on that.,@SajjidMehmood-b9t,0,1745884800,False,
Ugw4auIeJQ2pbHFU4Px4AaABAg,I Fancy the black cap anytime,@walidfisto,0,1745884800,False,
UgykXc4Nbf_WceTxkZV4AaABAg,BBC is always ready to be Israeli loyal lapdog at any time.,@monimojumdar6228,0,1745884800,False,
UgyiSmFGB4s7ZHxP49p4AaABAg,Zionist  shill,@wqsnsr8,0,1745884800,False,
Ugwa0cvHMTxWwqwUZYx4AaABAg,"Nice cap, suits you better",@ANRZtravels,0,1745884800,False,
UgzzMmULDQET3xbz83V4AaABAg.AHGoWUkWNCFAHHrUZGQd-R,Tv licence cancelled,@msb7356,0,1745884800,True,UgzzMmULDQET3xbz83V4AaABAg
UgzzMmULDQET3xbz83V4AaABAg.AHGoWUkWNCFAHHzHnh5HgQ,@msb7356Â  love it brother Just need the nation to follow,@sel2179,0,1745884800,True,UgzzMmULDQET3xbz83V4AaABAg
UgwYn8vxACoidHcrXMJ4AaABAg,Smile 2 Jannah was slamming  him during the world Cup.,@silver-shadedprince7461,0,1745884800,False,
UgxXidoA32a5titwLRx4AaABAg,Who is the Interviewer?,@aiyubpatel9165,0,1745884800,False,
UgxXidoA32a5titwLRx4AaABAg.AHGnvhuCgvnAHGpdOHLJwd,Indian coconut ğŸ¥¥,@loganpadayachee6048,0,1745884800,True,UgxXidoA32a5titwLRx4AaABAg
UgxXidoA32a5titwLRx4AaABAg.AHGnvhuCgvnAHGploDuiw9,A zionist bot,@uzair7387,0,1745884800,True,UgxXidoA32a5titwLRx4AaABAg
UgyhO2xJ1GdiI0PEZRJ4AaABAg,Thank you zeeshan for giving Ali dawah your capğŸ˜‚,@101CreeperEater,0,1745884800,False,
UgyqGt5emP87RIoDCdh4AaABAg.AHJfVfMFfDSAHPdN-Z9_zv,â€‹@ZeronWasTaken we believe that God has given us the power to rid the holy land of the Islamic demon.,@Evemeister12,0,1745884800,True,UgyqGt5emP87RIoDCdh4AaABAg
